source,mode,run_id,run_family,target_request_rate,request_count,good_requests,request_throughput_reqs_per_sec,goodput_reqs_per_sec,output_token_throughput_tokens_per_sec,ttft_mean_ns,ttft_p99_ns,tpot_mean_ns,e2e_mean_ns,e2e_p99_ns
calibrated,colocated,pilot_rate_sweep__colocated__sharegpt_seed_0__rps_0_5__seed_0,pilot_rate_sweep,0.5,1000,1000,0.49857580584193784,0.49857580584193784,127.63540629553609,75072015.474,120417004.0,22643313.504,5871760398.665,6073893594.0
simulation,colocated,pilot_rate_sweep__colocated__sharegpt_seed_0__rps_0_5__seed_0,pilot_rate_sweep,0.5,1000,1000,0.4985758058419439,0.4985758058419439,127.63540629553763,79092463.244,130956620.0,21461314.680796877,5573189021.528,5921884458.0
calibrated,colocated,pilot_rate_sweep__colocated__sharegpt_seed_0__rps_16__seed_0,pilot_rate_sweep,16.0,1000,135,10.714361806532471,1.4464388438818836,2742.8766224723126,10378029239.74,23189652475.0,42716327.955,21313409319.972,32826380693.0
simulation,colocated,pilot_rate_sweep__colocated__sharegpt_seed_0__rps_16__seed_0,pilot_rate_sweep,16.0,1000,128,10.714361806535297,1.371438311236518,2742.876622473036,9311847449.844,19812005982.0,40114962.35166406,19581277811.87,28329281787.0
calibrated,colocated,pilot_rate_sweep__colocated__sharegpt_seed_0__rps_1__seed_0,pilot_rate_sweep,1.0,1000,1000,0.9942450433616189,0.9942450433616189,254.52673110057444,79174243.497,126957893.0,23109561.304,5995222065.667,6250193210.0
simulation,colocated,pilot_rate_sweep__colocated__sharegpt_seed_0__rps_1__seed_0,pilot_rate_sweep,1.0,1000,1000,0.9942450433615976,0.9942450433615976,254.52673110056898,81486114.294,154711913.0,22218331.960585937,5769379096.204,6257440444.0
calibrated,colocated,pilot_rate_sweep__colocated__sharegpt_seed_0__rps_2__seed_0,pilot_rate_sweep,2.0,1000,1000,1.9766448433862298,1.9766448433862298,506.02107990687483,83919577.475,133620460.0,24336184.886,6313983033.668,6855356962.0
simulation,colocated,pilot_rate_sweep__colocated__sharegpt_seed_0__rps_2__seed_0,pilot_rate_sweep,2.0,1000,1000,1.9766448433863768,1.9766448433863768,506.02107990691246,85181699.2,165896177.0,23922989.2041875,6209466935.472,6895155074.0
calibrated,colocated,pilot_rate_sweep__colocated__sharegpt_seed_0__rps_4__seed_0,pilot_rate_sweep,4.0,1000,1000,3.902616591145358,3.902616591145358,999.0698473332117,93516281.809,162718567.0,27621439.202,7164604845.254,7697020541.0
simulation,colocated,pilot_rate_sweep__colocated__sharegpt_seed_0__rps_4__seed_0,pilot_rate_sweep,4.0,1000,1000,3.9026165911454527,3.9026165911454527,999.0698473332359,91611253.425,181280223.0,27715796.491664063,7186855155.291,8180295567.0
calibrated,colocated,pilot_rate_sweep__colocated__sharegpt_seed_0__rps_8__seed_0,pilot_rate_sweep,8.0,1000,1000,7.576413884677767,7.576413884677767,1939.5619544775084,115345384.217,215950810.0,33809665.523,8770619883.396,9986429998.0
simulation,colocated,pilot_rate_sweep__colocated__sharegpt_seed_0__rps_8__seed_0,pilot_rate_sweep,8.0,1000,1000,7.57641388467663,7.57641388467663,1939.5619544772173,106464909.909,200494359.0,36629220.643203124,9483545394.569,11114239822.0
calibrated,colocated,rate_sweep_near_knee__colocated__sharegpt_seed_0__rps_0_25__seed_0,rate_sweep_near_knee,0.25,1000,1000,0.24965093241687952,0.24965093241687952,63.91063869872116,68984766.68,119318328.0,22286516.924,5774333228.605,5997707134.0
simulation,colocated,rate_sweep_near_knee__colocated__sharegpt_seed_0__rps_0_25__seed_0,rate_sweep_near_knee,0.25,1000,1000,0.24965093241688135,0.24965093241688135,63.91063869872163,76582032.301,117384124.0,21089778.4224375,5475565308.445,5720580285.0
calibrated,colocated,rate_sweep_near_knee__colocated__sharegpt_seed_0__rps_0_375__seed_0,rate_sweep_near_knee,0.375,1000,1000,0.37420420734113996,0.37420420734113996,95.79627707933183,72994693.502,121480214.0,22488417.197,5830029625.817,6034864518.0
simulation,colocated,rate_sweep_near_knee__colocated__sharegpt_seed_0__rps_0_375__seed_0,rate_sweep_near_knee,0.375,1000,1000,0.37420420734113535,0.37420420734113535,95.79627707933065,78012681.689,125521676.0,21269574.581851564,5523023774.643,5809157108.0
calibrated,colocated,rate_sweep_near_knee__colocated__sharegpt_seed_0__rps_0_5__seed_0,rate_sweep_near_knee,0.5,1000,1000,0.49857620979491285,0.49857620979491285,127.63550970749769,75701342.964,123507181.0,22651357.807,5874449069.011,6076769192.0
simulation,colocated,rate_sweep_near_knee__colocated__sharegpt_seed_0__rps_0_5__seed_0,rate_sweep_near_knee,0.5,1000,1000,0.4985762097949235,0.4985762097949235,127.63550970750042,79088566.744,130825428.0,21461314.680796877,5573185125.028,5923849770.0
calibrated,colocated,rate_sweep_near_knee__colocated__sharegpt_seed_0__rps_0_625__seed_0,rate_sweep_near_knee,0.625,1000,1000,0.6227721373242744,0.6227721373242744,159.42966715501424,77321303.055,124250507.0,22763999.613,5904905337.231,6119658718.0
simulation,colocated,rate_sweep_near_knee__colocated__sharegpt_seed_0__rps_0_625__seed_0,rate_sweep_near_knee,0.625,1000,1000,0.6227721373242923,0.6227721373242923,159.42966715501882,79990581.71,143396798.0,21667678.330945313,5626916234.432,6025625046.0
calibrated,colocated,rate_sweep_near_knee__colocated__sharegpt_seed_0__rps_0_75__seed_0,rate_sweep_near_knee,0.75,1000,1000,0.7467833016836605,0.7467833016836605,191.17652523101708,78446513.539,125063982.0,22882696.019,5936416825.14,6159983429.0
simulation,colocated,rate_sweep_near_knee__colocated__sharegpt_seed_0__rps_0_75__seed_0,rate_sweep_near_knee,0.75,1000,1000,0.7467833016836618,0.7467833016836618,191.17652523101742,80521563.317,148468239.0,21849354.148296874,5673956225.281,6145081776.0
calibrated,colocated,rate_sweep_near_knee__colocated__sharegpt_seed_1__rps_0_25__seed_1,rate_sweep_near_knee,0.25,1000,1000,0.24965697472261392,0.24965697472261392,63.91218552898916,68833554.235,119805307.0,22262428.784,5768015451.674,5981551754.0
simulation,colocated,rate_sweep_near_knee__colocated__sharegpt_seed_1__rps_0_25__seed_1,rate_sweep_near_knee,0.25,1000,1000,0.249656974722614,0.249656974722614,63.912185528989184,77486778.056,127350556.0,21063961.544304688,5469860933.398,5728850504.0
calibrated,colocated,rate_sweep_near_knee__colocated__sharegpt_seed_1__rps_0_375__seed_1,rate_sweep_near_knee,0.375,1000,1000,0.3742106071762405,0.3742106071762405,95.79791543711757,74002917.025,121871509.0,22495016.803,5832727344.853,6019793123.0
simulation,colocated,rate_sweep_near_knee__colocated__sharegpt_seed_1__rps_0_375__seed_1,rate_sweep_near_knee,0.375,1000,1000,0.3742106071762389,0.3742106071762389,95.79791543711715,79093174.86,140176134.0,21246845.71940625,5518285679.028,5800442397.0
calibrated,colocated,service_baseline_long_long__colocated__sharegpt_seed_0__rps_1__seed_0,service_baseline,1.0,30,30,0.17693792680113218,0.17693792680113218,45.29610926108984,107125220.66666667,155703997.0,21571241.466666665,5629363157.533334,5668973519.0
simulation,colocated,service_baseline_long_long__colocated__sharegpt_seed_0__rps_1__seed_0,service_baseline,1.0,30,30,0.176937926801125,0.176937926801125,45.296109261088,104532457.2,104642190.0,20709165.0,5406078697.2,5406188430.0
calibrated,colocated,service_baseline_long_short__colocated__sharegpt_seed_0__rps_1__seed_0,service_baseline,1.0,30,30,0.9858743553983227,0.9858743553983227,15.773989686373163,105564018.7,159153044.0,20192840.3,428649471.9,472692149.0
simulation,colocated,service_baseline_long_short__colocated__sharegpt_seed_0__rps_1__seed_0,service_baseline,1.0,30,30,0.9858743553970329,0.9858743553970329,15.773989686352527,106740836.1,123915592.0,21144697.854166668,445056001.76666665,559767256.0
calibrated,colocated,service_baseline_short_long__colocated__sharegpt_seed_0__rps_1__seed_0,service_baseline,1.0,30,30,0.1804381607594628,0.1804381607594628,46.19216915442248,46422418.56666667,97150965.0,21380033.0,5519710997.833333,5561675880.0
simulation,colocated,service_baseline_short_long__colocated__sharegpt_seed_0__rps_1__seed_0,service_baseline,1.0,30,30,0.18043816075946761,0.18043816075946761,46.19216915442371,69417961.2,69527694.0,20709165.0,5370964201.2,5371073934.0
calibrated,colocated,service_baseline_short_short__colocated__sharegpt_seed_0__rps_1__seed_0,service_baseline,1.0,30,30,0.9880284938024829,0.9880284938024829,15.808455900839727,45192790.6,96714543.0,20077261.133333333,366428974.6333333,409547432.0
simulation,colocated,service_baseline_short_short__colocated__sharegpt_seed_0__rps_1__seed_0,service_baseline,1.0,30,30,0.9880284938024755,0.9880284938024755,15.808455900839608,71385571.56666666,87049559.0,21432745.033333335,414309492.1,484223259.0
calibrated,pd_disaggregated,pilot_rate_sweep__pd_disaggregated__sharegpt_seed_0__rps_0_5__seed_0,pilot_rate_sweep,0.5,1000,1000,0.4985651601465584,0.4985651601465584,127.63268099751895,125612004.996,176291821.0,22918176.067,5918310809.737,6094516112.0
simulation,pd_disaggregated,pilot_rate_sweep__pd_disaggregated__sharegpt_seed_0__rps_0_5__seed_0,pilot_rate_sweep,0.5,1000,1000,0.4985651601465603,0.4985651601465603,127.63268099751944,140014283.409,179271488.0,22916480.0,5928410291.253,5966908308.0
calibrated,pd_disaggregated,pilot_rate_sweep__pd_disaggregated__sharegpt_seed_0__rps_16__seed_0,pilot_rate_sweep,16.0,1000,146,11.508463367903316,1.6802356517138841,2946.166622183249,8248026552.032,17080854640.0,71269805.133,18338036486.132,26193842723.0
simulation,pd_disaggregated,pilot_rate_sweep__pd_disaggregated__sharegpt_seed_0__rps_16__seed_0,pilot_rate_sweep,16.0,1000,146,11.508463367905826,1.6802356517142505,2946.1666221838914,8275059961.534,16838072248.0,70197700.1953125,18085990269.824,23788977946.0
calibrated,pd_disaggregated,pilot_rate_sweep__pd_disaggregated__sharegpt_seed_0__rps_1__seed_0,pilot_rate_sweep,1.0,1000,1000,0.994210313170782,0.994210313170782,254.5178401717202,129606765.167,198276823.0,23358141.83,6032058506.216,6254077677.0
simulation,pd_disaggregated,pilot_rate_sweep__pd_disaggregated__sharegpt_seed_0__rps_1__seed_0,pilot_rate_sweep,1.0,1000,1000,0.9942103131707902,0.9942103131707902,254.5178401717223,143022102.571,185392765.0,23266404.0,6019360149.683,6061663453.0
calibrated,pd_disaggregated,pilot_rate_sweep__pd_disaggregated__sharegpt_seed_0__rps_2__seed_0,pilot_rate_sweep,2.0,1000,1000,1.9764450267761398,1.9764450267761398,505.9699268546918,135111039.529,209828503.0,24593466.763,6349603653.975,6836389769.0
simulation,pd_disaggregated,pilot_rate_sweep__pd_disaggregated__sharegpt_seed_0__rps_2__seed_0,pilot_rate_sweep,2.0,1000,1000,1.9764450267761493,1.9764450267761493,505.9699268546942,150095891.71,206469312.0,24593467.0,6361077553.199,6417453661.0
calibrated,pd_disaggregated,pilot_rate_sweep__pd_disaggregated__sharegpt_seed_0__rps_4__seed_0,pilot_rate_sweep,4.0,1000,1000,3.9019301041963232,3.9019301041963232,998.8941066742588,151797405.743,248890805.0,27835110.449,7184315565.981,7637067803.0
simulation,pd_disaggregated,pilot_rate_sweep__pd_disaggregated__sharegpt_seed_0__rps_4__seed_0,pilot_rate_sweep,4.0,1000,997,3.890224313884149,3.890224313884149,995.8974243543421,166357971.313,240180900.0,27835111.0,7195347715.515,7268138839.0
calibrated,pd_disaggregated,pilot_rate_sweep__pd_disaggregated__sharegpt_seed_0__rps_8__seed_0,pilot_rate_sweep,8.0,1000,1000,7.577880977461978,7.577880977461978,1939.9375302302665,183568074.572,319149654.0,33524886.791,8650522141.196,9269677055.0
simulation,pd_disaggregated,pilot_rate_sweep__pd_disaggregated__sharegpt_seed_0__rps_8__seed_0,pilot_rate_sweep,8.0,1000,986,7.4717906437759485,7.4717906437759485,1912.7784048066428,199169897.904,285921454.0,33524887.0,8661988333.429,8748383639.0
calibrated,pd_disaggregated,rate_sweep_near_knee__pd_disaggregated__sharegpt_seed_0__rps_0_25__seed_0,rate_sweep_near_knee,0.25,1000,1000,0.24964763749057606,0.24964763749057606,63.90979519758747,122476425.256,173513023.0,22543641.195,5822254785.18,6010744607.0
simulation,pd_disaggregated,rate_sweep_near_knee__pd_disaggregated__sharegpt_seed_0__rps_0_25__seed_0,rate_sweep_near_knee,0.25,1000,1000,0.24964763749057572,0.24964763749057572,63.909795197587385,134250903.123,172661581.0,22534106.0,5827556379.91,5865350991.0
calibrated,pd_disaggregated,rate_sweep_near_knee__pd_disaggregated__sharegpt_seed_0__rps_0_375__seed_0,rate_sweep_near_knee,0.375,1000,1000,0.3741967498398878,0.3741967498398878,95.79436795901128,124755754.091,173595583.0,22736852.842,5871927534.94,6043724276.0
simulation,pd_disaggregated,rate_sweep_near_knee__pd_disaggregated__sharegpt_seed_0__rps_0_375__seed_0,rate_sweep_near_knee,0.375,1000,1000,0.37419674983988577,0.37419674983988577,95.79436795901076,138022476.147,176694035.0,22736853.0,5881566413.898,5920257523.0
calibrated,pd_disaggregated,rate_sweep_near_knee__pd_disaggregated__sharegpt_seed_0__rps_0_5__seed_0,rate_sweep_near_knee,0.5,1000,1000,0.4985634561162089,0.4985634561162089,127.63224476574948,126137695.675,176486305.0,22914782.897,5917447906.716,6087904129.0
simulation,pd_disaggregated,rate_sweep_near_knee__pd_disaggregated__sharegpt_seed_0__rps_0_5__seed_0,rate_sweep_near_knee,0.5,1000,1000,0.4985634561162207,0.4985634561162207,127.6322447657525,140016567.313,179838272.0,22916480.0,5928412575.157,5967821716.0
calibrated,pd_disaggregated,rate_sweep_near_knee__pd_disaggregated__sharegpt_seed_0__rps_0_625__seed_0,rate_sweep_near_knee,0.625,1000,1000,0.6227522244155879,0.6227522244155879,159.4245694503905,127505474.658,182171936.0,23031873.769,5948025024.729,6122619809.0
simulation,pd_disaggregated,rate_sweep_near_knee__pd_disaggregated__sharegpt_seed_0__rps_0_625__seed_0,rate_sweep_near_knee,0.625,1000,1000,0.6227522244155855,0.6227522244155855,159.4245694503899,141477268.99,180082868.0,23031874.0,5958384801.99,5996990401.0
calibrated,pd_disaggregated,rate_sweep_near_knee__pd_disaggregated__sharegpt_seed_0__rps_0_75__seed_0,rate_sweep_near_knee,0.75,1000,1000,0.7467570071476035,0.7467570071476035,191.1697938297865,128650718.319,184468037.0,23152844.674,5979114406.221,6166636342.0
simulation,pd_disaggregated,rate_sweep_near_knee__pd_disaggregated__sharegpt_seed_0__rps_0_75__seed_0,rate_sweep_near_knee,0.75,1000,1000,0.7467570071475864,0.7467570071475864,191.16979382978212,143323283.243,184028453.0,23152845.0,5990181377.077,6030998095.0
calibrated,pd_disaggregated,rate_sweep_near_knee__pd_disaggregated__sharegpt_seed_1__rps_0_25__seed_1,rate_sweep_near_knee,0.25,1000,1000,0.24965375244806096,0.24965375244806096,63.911360626703605,123572213.554,178500066.0,22524568.957,5817776470.208,6013418870.0
simulation,pd_disaggregated,rate_sweep_near_knee__pd_disaggregated__sharegpt_seed_1__rps_0_25__seed_1,rate_sweep_near_knee,0.25,1000,1000,0.24965375244806137,0.24965375244806137,63.91136062670371,135302541.722,175933276.0,22534106.0,5828608018.509,5869141265.0
calibrated,pd_disaggregated,service_baseline_long_long__pd_disaggregated__sharegpt_seed_0__rps_1__seed_0,service_baseline,1.0,30,30,0.17493195879460008,0.17493195879460008,44.78258145141762,180848527.13333333,427187095.0,21811756.233333334,5693295851.533334,5946812251.0
simulation,pd_disaggregated,service_baseline_long_long__pd_disaggregated__sharegpt_seed_0__rps_1__seed_0,service_baseline,1.0,30,30,0.17493195879461665,0.17493195879461665,44.78258145142186,181850894.9,193215313.0,23266404.0,6059634714.666667,6071004668.0
calibrated,pd_disaggregated,service_baseline_long_short__pd_disaggregated__sharegpt_seed_0__rps_1__seed_0,service_baseline,1.0,30,30,0.9822034494137449,0.9822034494137449,15.715255190619919,184521763.93333334,422259280.0,24303059.3,498802063.3333333,744932739.0
simulation,pd_disaggregated,service_baseline_long_short__pd_disaggregated__sharegpt_seed_0__rps_1__seed_0,service_baseline,1.0,30,30,0.9822034494139663,0.9822034494139663,15.715255190623461,170930654.76666668,171081994.0,23266404.0,464777514.53333336,464904197.0
calibrated,pd_disaggregated,service_baseline_short_long__pd_disaggregated__sharegpt_seed_0__rps_1__seed_0,service_baseline,1.0,30,30,0.1786721022576428,0.1786721022576428,45.740058177956556,108614722.26666667,386456332.0,21566388.366666667,5573755519.733334,5853659735.0
simulation,pd_disaggregated,service_baseline_short_long__pd_disaggregated__sharegpt_seed_0__rps_1__seed_0,service_baseline,1.0,30,30,0.17867210225761557,0.17867210225761557,45.740058177949585,141128500.3,152515547.0,23266404.0,6018912320.066667,6030286787.0
calibrated,pd_disaggregated,service_baseline_short_short__pd_disaggregated__sharegpt_seed_0__rps_1__seed_0,service_baseline,1.0,30,30,0.9862585714608356,0.9862585714608356,15.78013714337337,120672686.23333333,409978404.0,23777352.5,432597459.96666664,731213786.0
simulation,pd_disaggregated,service_baseline_short_short__pd_disaggregated__sharegpt_seed_0__rps_1__seed_0,service_baseline,1.0,30,30,0.9862585714614275,0.9862585714614275,15.78013714338284,130392425.63333334,130543764.0,23266404.0,424239285.4,424365967.0
