case_name,architecture,assignment,chunk_size,request_rate_per_second,input_tokens,output_tokens,trace_num_requests,prefill_gpu_count,decode_gpu_count,colocated_gpu_count,scheduler_max_prefill_batch_tokens,pd_prefill_max_batch_tokens,ttft_mean_ms,tpot_mean_ms,e2e_mean_ms,e2e_p99_ms,slo_attainment_fraction,goodput_reqs_per_sec,output_token_throughput_tokens_per_sec,source_summary,request_config_path
c4__chunk_0064__rps_04__in_00128__out_2048,colocated_chunked,C4,64,4.0,128,2048,256,,,4,64,,6995.8485882578125,21.363900416748045,50720.279791757814,60114.621890999995,0.5,1.1005662956454019,4507.919546963566,build/chunked_rps4_experiment/20260609T014844Z/sweeps/c4_chunk_size/c4__chunk_0064__rps_04__in_00128__out_2048/summary.json,/home/justin/astra-sim/build/chunked_rps4_experiment/20260609T014844Z/sweeps/c4_chunk_size/c4__chunk_0064__rps_04__in_00128__out_2048/request.json
c4__chunk_0064__rps_04__in_00256__out_2048,colocated_chunked,C4,64,4.0,256,2048,256,,,4,64,,7976.97779228125,22.01863583349609,53042.307129281246,63225.839703,0.5,1.0827834674971943,4435.081082868508,build/chunked_rps4_experiment/20260609T014844Z/sweeps/c4_chunk_size/c4__chunk_0064__rps_04__in_00256__out_2048/summary.json,/home/justin/astra-sim/build/chunked_rps4_experiment/20260609T014844Z/sweeps/c4_chunk_size/c4__chunk_0064__rps_04__in_00256__out_2048/request.json
c4__chunk_0064__rps_04__in_00512__out_2048,colocated_chunked,C4,64,4.0,512,2048,256,,,4,64,,9943.856684453125,23.322826542663574,57680.16859382812,69448.275327,0.5,1.0490658670953352,4296.973791622493,build/chunked_rps4_experiment/20260609T014844Z/sweeps/c4_chunk_size/c4__chunk_0064__rps_04__in_00512__out_2048/summary.json,/home/justin/astra-sim/build/chunked_rps4_experiment/20260609T014844Z/sweeps/c4_chunk_size/c4__chunk_0064__rps_04__in_00512__out_2048/request.json
c4__chunk_0064__rps_04__in_01024__out_2048,colocated_chunked,C4,64,4.0,1024,2048,256,,,4,64,,13972.563383007811,25.875766655548095,66937.29664357031,83530.33681899999,0.5,0.9870879242472561,4043.112137716761,build/chunked_rps4_experiment/20260609T014844Z/sweeps/c4_chunk_size/c4__chunk_0064__rps_04__in_01024__out_2048/summary.json,/home/justin/astra-sim/build/chunked_rps4_experiment/20260609T014844Z/sweeps/c4_chunk_size/c4__chunk_0064__rps_04__in_01024__out_2048/request.json
c4__chunk_0064__rps_04__in_01536__out_2048,colocated_chunked,C4,64,4.0,1536,2048,256,,,4,64,,19451.01895560156,27.47696435820007,75695.0051111953,98294.634547,0.02734375,0.05090102010072307,3812.3991466525567,build/chunked_rps4_experiment/20260609T014844Z/sweeps/c4_chunk_size/c4__chunk_0064__rps_04__in_01536__out_2048/summary.json,/home/justin/astra-sim/build/chunked_rps4_experiment/20260609T014844Z/sweeps/c4_chunk_size/c4__chunk_0064__rps_04__in_01536__out_2048/request.json
c4__chunk_0064__rps_04__in_02048__out_2048,colocated_chunked,C4,64,4.0,2048,2048,256,,,4,64,,25950.495895023436,28.69271298486328,84684.33523802343,112971.45632299999,0.0,0.0,3552.9434242781736,build/chunked_rps4_experiment/20260609T014844Z/sweeps/c4_chunk_size/c4__chunk_0064__rps_04__in_02048__out_2048/summary.json,/home/justin/astra-sim/build/chunked_rps4_experiment/20260609T014844Z/sweeps/c4_chunk_size/c4__chunk_0064__rps_04__in_02048__out_2048/request.json
c4__chunk_0064__rps_04__in_03072__out_2048,colocated_chunked,C4,64,4.0,3072,2048,256,,,4,64,,56472.73688865625,20.954690781280515,99359.10675871874,142205.419941,0.0,0.0,3014.457367778875,build/chunked_rps4_experiment/20260609T014844Z/sweeps/c4_chunk_size/c4__chunk_0064__rps_04__in_03072__out_2048/summary.json,/home/justin/astra-sim/build/chunked_rps4_experiment/20260609T014844Z/sweeps/c4_chunk_size/c4__chunk_0064__rps_04__in_03072__out_2048/request.json
c4__chunk_0064__rps_04__in_04096__out_2048,colocated_chunked,C4,64,4.0,4096,2048,256,,,4,64,,78924.31500864062,20.709165,121307.84807864061,171734.01539699998,0.0,0.0,2578.522508857884,build/chunked_rps4_experiment/20260609T014844Z/sweeps/c4_chunk_size/c4__chunk_0064__rps_04__in_04096__out_2048/summary.json,/home/justin/astra-sim/build/chunked_rps4_experiment/20260609T014844Z/sweeps/c4_chunk_size/c4__chunk_0064__rps_04__in_04096__out_2048/request.json
c4__chunk_0064__rps_04__in_06144__out_2048,colocated_chunked,C4,64,4.0,6144,2048,256,,,4,64,,123217.20819264062,20.709165,165600.74126264063,230791.206309,0.0,0.0,1998.1551263395365,build/chunked_rps4_experiment/20260609T014844Z/sweeps/c4_chunk_size/c4__chunk_0064__rps_04__in_06144__out_2048/summary.json,/home/justin/astra-sim/build/chunked_rps4_experiment/20260609T014844Z/sweeps/c4_chunk_size/c4__chunk_0064__rps_04__in_06144__out_2048/request.json
c4__chunk_0064__rps_04__in_07168__out_2048,colocated_chunked,C4,64,4.0,7168,2048,256,,,4,64,,145363.65478464062,20.709165,187747.18785464062,260319.80176499998,0.0,0.0,1796.031942638819,build/chunked_rps4_experiment/20260609T014844Z/sweeps/c4_chunk_size/c4__chunk_0064__rps_04__in_07168__out_2048/summary.json,/home/justin/astra-sim/build/chunked_rps4_experiment/20260609T014844Z/sweeps/c4_chunk_size/c4__chunk_0064__rps_04__in_07168__out_2048/request.json
c4__chunk_0064__rps_04__in_10000__out_2048,colocated_chunked,C4,64,4.0,10000,2048,256,,,4,64,,207584.01473664062,20.709165,249967.54780664062,343280.281701,0.0,0.0,1398.567112370585,build/chunked_rps4_experiment/20260609T014844Z/sweeps/c4_chunk_size/c4__chunk_0064__rps_04__in_10000__out_2048/summary.json,/home/justin/astra-sim/build/chunked_rps4_experiment/20260609T014844Z/sweeps/c4_chunk_size/c4__chunk_0064__rps_04__in_10000__out_2048/request.json
c4__chunk_0128__rps_04__in_00128__out_2048,colocated_chunked,C4,128,4.0,128,2048,256,,,4,128,,6536.781749195312,21.057510020874023,49633.72542194531,58658.661656,0.5,1.1091337036122184,4543.011649995647,build/chunked_rps4_experiment/20260609T014844Z/sweeps/c4_chunk_size/c4__chunk_0128__rps_04__in_00128__out_2048/summary.json,/home/justin/astra-sim/build/chunked_rps4_experiment/20260609T014844Z/sweeps/c4_chunk_size/c4__chunk_0128__rps_04__in_00128__out_2048/request.json
c4__chunk_0128__rps_04__in_00256__out_2048,colocated_chunked,C4,128,4.0,256,2048,256,,,4,128,,7059.3294852109375,21.405855041748048,50869.683760710934,60309.722985,0.5,1.0994999482215453,4503.5517879154495,build/chunked_rps4_experiment/20260609T014844Z/sweeps/c4_chunk_size/c4__chunk_0128__rps_04__in_00256__out_2048/summary.json,/home/justin/astra-sim/build/chunked_rps4_experiment/20260609T014844Z/sweeps/c4_chunk_size/c4__chunk_0128__rps_04__in_00256__out_2048/request.json
c4__chunk_0128__rps_04__in_00512__out_2048,colocated_chunked,C4,128,4.0,512,2048,256,,,4,128,,8102.483473023437,22.102545083496093,53339.658954023434,63616.04189099999,0.5,1.0805418522937449,4425.899426995179,build/chunked_rps4_experiment/20260609T014844Z/sweeps/c4_chunk_size/c4__chunk_0128__rps_04__in_00512__out_2048/summary.json,/home/justin/astra-sim/build/chunked_rps4_experiment/20260609T014844Z/sweeps/c4_chunk_size/c4__chunk_0128__rps_04__in_00512__out_2048/request.json
c4__chunk_0128__rps_04__in_01024__out_2048,colocated_chunked,C4,128,4.0,1024,2048,256,,,4,128,,10197.109691804688,23.490306698913574,58276.42096117968,70280.551838,0.5,1.0448656565435115,4279.769729202223,build/chunked_rps4_experiment/20260609T014844Z/sweeps/c4_chunk_size/c4__chunk_0128__rps_04__in_01024__out_2048/summary.json,/home/justin/astra-sim/build/chunked_rps4_experiment/20260609T014844Z/sweeps/c4_chunk_size/c4__chunk_0128__rps_04__in_01024__out_2048/request.json
c4__chunk_0128__rps_04__in_01536__out_2048,colocated_chunked,C4,128,4.0,1536,2048,256,,,4,128,,12306.813777835938,24.870342920722962,63212.43922947656,77622.12923199999,0.5,1.0114657464946426,4142.963697642056,build/chunked_rps4_experiment/20260609T014844Z/sweeps/c4_chunk_size/c4__chunk_0128__rps_04__in_01536__out_2048/summary.json,/home/justin/astra-sim/build/chunked_rps4_experiment/20260609T014844Z/sweeps/c4_chunk_size/c4__chunk_0128__rps_04__in_01536__out_2048/request.json
c4__chunk_0128__rps_04__in_02048__out_2048,colocated_chunked,C4,128,4.0,2048,2048,256,,,4,128,,14510.792688343749,26.189980610687254,68119.03612903124,85422.49221099999,0.5,0.9793664648563448,4011.4850400515884,build/chunked_rps4_experiment/20260609T014844Z/sweeps/c4_chunk_size/c4__chunk_0128__rps_04__in_02048__out_2048/summary.json,/home/justin/astra-sim/build/chunked_rps4_experiment/20260609T014844Z/sweeps/c4_chunk_size/c4__chunk_0128__rps_04__in_02048__out_2048/request.json
c4__chunk_0128__rps_04__in_03072__out_2048,colocated_chunked,C4,128,4.0,3072,2048,256,,,4,128,,20752.443483296873,27.657805396224973,77366.79208476562,101045.391683,0.01953125,0.03590877275143285,3765.3077296606457,build/chunked_rps4_experiment/20260609T014844Z/sweeps/c4_chunk_size/c4__chunk_0128__rps_04__in_03072__out_2048/summary.json,/home/justin/astra-sim/build/chunked_rps4_experiment/20260609T014844Z/sweeps/c4_chunk_size/c4__chunk_0128__rps_04__in_03072__out_2048/request.json
c4__chunk_0128__rps_04__in_04096__out_2048,colocated_chunked,C4,128,4.0,4096,2048,256,,,4,128,,29417.827889453125,27.771579374816895,86265.18559907812,116755.76710699999,0.0,0.0,3483.1701201208025,build/chunked_rps4_experiment/20260609T014844Z/sweeps/c4_chunk_size/c4__chunk_0128__rps_04__in_04096__out_2048/summary.json,/home/justin/astra-sim/build/chunked_rps4_experiment/20260609T014844Z/sweeps/c4_chunk_size/c4__chunk_0128__rps_04__in_04096__out_2048/request.json
c4__chunk_0128__rps_04__in_06144__out_2048,colocated_chunked,C4,128,4.0,6144,2048,256,,,4,128,,60683.52824816406,20.970423765655518,103602.11927022655,147881.886117,0.0,0.0,2920.8664377078762,build/chunked_rps4_experiment/20260609T014844Z/sweeps/c4_chunk_size/c4__chunk_0128__rps_04__in_06144__out_2048/summary.json,/home/justin/astra-sim/build/chunked_rps4_experiment/20260609T014844Z/sweeps/c4_chunk_size/c4__chunk_0128__rps_04__in_06144__out_2048/request.json
c4__chunk_0128__rps_04__in_07168__out_2048,colocated_chunked,C4,128,4.0,7168,2048,256,,,4,128,,72817.99961664062,20.709165,115201.53268664062,163592.26154099999,0.0,0.0,2686.0792924729494,build/chunked_rps4_experiment/20260609T014844Z/sweeps/c4_chunk_size/c4__chunk_0128__rps_04__in_07168__out_2048/summary.json,/home/justin/astra-sim/build/chunked_rps4_experiment/20260609T014844Z/sweeps/c4_chunk_size/c4__chunk_0128__rps_04__in_07168__out_2048/request.json
c4__chunk_0128__rps_04__in_10000__out_2048,colocated_chunked,C4,128,4.0,10000,2048,256,,,4,128,,106538.28075264062,20.709165,148921.81382264063,208552.636389,0.0,0.0,2183.1919017976998,build/chunked_rps4_experiment/20260609T014844Z/sweeps/c4_chunk_size/c4__chunk_0128__rps_04__in_10000__out_2048/summary.json,/home/justin/astra-sim/build/chunked_rps4_experiment/20260609T014844Z/sweeps/c4_chunk_size/c4__chunk_0128__rps_04__in_10000__out_2048/request.json
c4__chunk_0256__rps_04__in_00128__out_2048,colocated_chunked,C4,256,4.0,128,2048,256,,,4,256,,6536.781749195312,21.057510020874023,49633.72542194531,58658.661656,0.5,1.1091337036122184,4543.011649995647,build/chunked_rps4_experiment/20260609T014844Z/sweeps/c4_chunk_size/c4__chunk_0256__rps_04__in_00128__out_2048/summary.json,/home/justin/astra-sim/build/chunked_rps4_experiment/20260609T014844Z/sweeps/c4_chunk_size/c4__chunk_0256__rps_04__in_00128__out_2048/request.json
c4__chunk_0256__rps_04__in_00256__out_2048,colocated_chunked,C4,256,4.0,256,2048,256,,,4,256,,6599.777275093749,21.099464645874022,49782.64401984375,58853.762749999994,0.5,1.107862302715753,4537.803991923724,build/chunked_rps4_experiment/20260609T014844Z/sweeps/c4_chunk_size/c4__chunk_0256__rps_04__in_00256__out_2048/summary.json,/home/justin/astra-sim/build/chunked_rps4_experiment/20260609T014844Z/sweeps/c4_chunk_size/c4__chunk_0256__rps_04__in_00256__out_2048/request.json
c4__chunk_0256__rps_04__in_00512__out_2048,colocated_chunked,C4,256,4.0,512,2048,256,,,4,256,,7184.026214195313,21.489764291748045,51166.22663369531,60699.925172999996,0.5,1.0971886585561292,4494.084745445905,build/chunked_rps4_experiment/20260609T014844Z/sweeps/c4_chunk_size/c4__chunk_0256__rps_04__in_00512__out_2048/summary.json,/home/justin/astra-sim/build/chunked_rps4_experiment/20260609T014844Z/sweeps/c4_chunk_size/c4__chunk_0256__rps_04__in_00512__out_2048/request.json
c4__chunk_0256__rps_04__in_01024__out_2048,colocated_chunked,C4,256,4.0,1024,2048,256,,,4,256,,8352.68588275,22.270363583496092,53933.55365175,64417.155432,0.5,1.0762689118548574,4408.397462957496,build/chunked_rps4_experiment/20260609T014844Z/sweeps/c4_chunk_size/c4__chunk_0256__rps_04__in_01024__out_2048/summary.json,/home/justin/astra-sim/build/chunked_rps4_experiment/20260609T014844Z/sweeps/c4_chunk_size/c4__chunk_0256__rps_04__in_01024__out_2048/request.json
c4__chunk_0256__rps_04__in_01536__out_2048,colocated_chunked,C4,256,4.0,1536,2048,256,,,4,256,,9524.413224296875,23.04978253357315,56701.53100305468,68134.385691,0.5,1.056131979771538,4325.91658914422,build/chunked_rps4_experiment/20260609T014844Z/sweeps/c4_chunk_size/c4__chunk_0256__rps_04__in_01536__out_2048/summary.json,/home/justin/astra-sim/build/chunked_rps4_experiment/20260609T014844Z/sweeps/c4_chunk_size/c4__chunk_0256__rps_04__in_01536__out_2048/request.json
c4__chunk_0256__rps_04__in_02048__out_2048,colocated_chunked,C4,256,4.0,2048,2048,256,,,4,256,,10703.337597671874,23.82369322251892,59465.42446739062,72172.70723,0.5,1.0365653337723209,4245.771607131426,build/chunked_rps4_experiment/20260609T014844Z/sweeps/c4_chunk_size/c4__chunk_0256__rps_04__in_02048__out_2048/summary.json,/home/justin/astra-sim/build/chunked_rps4_experiment/20260609T014844Z/sweeps/c4_chunk_size/c4__chunk_0256__rps_04__in_02048__out_2048/request.json
c4__chunk_0256__rps_04__in_03072__out_2048,colocated_chunked,C4,256,4.0,3072,2048,256,,,4,256,,13096.827825742186,25.350268450332642,64985.340762023436,80405.537587,0.5,0.9998444249104995,4095.362764433406,build/chunked_rps4_experiment/20260609T014844Z/sweeps/c4_chunk_size/c4__chunk_0256__rps_04__in_03072__out_2048/summary.json,/home/justin/astra-sim/build/chunked_rps4_experiment/20260609T014844Z/sweeps/c4_chunk_size/c4__chunk_0256__rps_04__in_03072__out_2048/request.json
c4__chunk_0256__rps_04__in_04096__out_2048,colocated_chunked,C4,256,4.0,4096,2048,256,,,4,256,,15618.580859171874,26.799728022308347,70475.58699885938,89206.80299499999,0.140625,0.2712885017972287,3950.9251675073733,build/chunked_rps4_experiment/20260609T014844Z/sweeps/c4_chunk_size/c4__chunk_0256__rps_04__in_04096__out_2048/summary.json,/home/justin/astra-sim/build/chunked_rps4_experiment/20260609T014844Z/sweeps/c4_chunk_size/c4__chunk_0256__rps_04__in_04096__out_2048/request.json
c4__chunk_0256__rps_04__in_06144__out_2048,colocated_chunked,C4,256,4.0,6144,2048,256,,,4,256,,23004.419066125,28.301122627807615,80936.28135787499,106721.857859,0.0,0.0,3662.8349166813796,build/chunked_rps4_experiment/20260609T014844Z/sweeps/c4_chunk_size/c4__chunk_0256__rps_04__in_06144__out_2048/summary.json,/home/justin/astra-sim/build/chunked_rps4_experiment/20260609T014844Z/sweeps/c4_chunk_size/c4__chunk_0256__rps_04__in_06144__out_2048/request.json
c4__chunk_0256__rps_04__in_07168__out_2048,colocated_chunked,C4,256,4.0,7168,2048,256,,,4,256,,28685.86749003906,27.770755770309446,85531.5384576328,115523.12326699999,0.0,0.0,3505.608211910537,build/chunked_rps4_experiment/20260609T014844Z/sweeps/c4_chunk_size/c4__chunk_0256__rps_04__in_07168__out_2048/summary.json,/home/justin/astra-sim/build/chunked_rps4_experiment/20260609T014844Z/sweeps/c4_chunk_size/c4__chunk_0256__rps_04__in_07168__out_2048/request.json
c4__chunk_0256__rps_04__in_10000__out_2048,colocated_chunked,C4,256,4.0,10000,2048,256,,,4,256,,55714.12925321875,20.95187313926697,98594.7285924375,141188.813733,0.0,0.0,3032.1807692416496,build/chunked_rps4_experiment/20260609T014844Z/sweeps/c4_chunk_size/c4__chunk_0256__rps_04__in_10000__out_2048/summary.json,/home/justin/astra-sim/build/chunked_rps4_experiment/20260609T014844Z/sweeps/c4_chunk_size/c4__chunk_0256__rps_04__in_10000__out_2048/request.json
c4__chunk_0512__rps_04__in_00128__out_2048,colocated_chunked,C4,512,4.0,128,2048,256,,,4,512,,6536.781749195312,21.057510020874023,49633.72542194531,58658.661656,0.5,1.1091337036122184,4543.011649995647,build/chunked_rps4_experiment/20260609T014844Z/sweeps/c4_chunk_size/c4__chunk_0512__rps_04__in_00128__out_2048/summary.json,/home/justin/astra-sim/build/chunked_rps4_experiment/20260609T014844Z/sweeps/c4_chunk_size/c4__chunk_0512__rps_04__in_00128__out_2048/request.json
c4__chunk_0512__rps_04__in_00256__out_2048,colocated_chunked,C4,512,4.0,256,2048,256,,,4,512,,6599.777275093749,21.099464645874022,49782.64401984375,58853.762749999994,0.5,1.107862302715753,4537.803991923724,build/chunked_rps4_experiment/20260609T014844Z/sweeps/c4_chunk_size/c4__chunk_0512__rps_04__in_00256__out_2048/summary.json,/home/justin/astra-sim/build/chunked_rps4_experiment/20260609T014844Z/sweeps/c4_chunk_size/c4__chunk_0512__rps_04__in_00256__out_2048/request.json
c4__chunk_0512__rps_04__in_00512__out_2048,colocated_chunked,C4,512,4.0,512,2048,256,,,4,512,,6724.312213726562,21.183373895874023,50079.02510247656,59241.866814,0.5,1.1055157593902671,4528.192550462534,build/chunked_rps4_experiment/20260609T014844Z/sweeps/c4_chunk_size/c4__chunk_0512__rps_04__in_00512__out_2048/summary.json,/home/justin/astra-sim/build/chunked_rps4_experiment/20260609T014844Z/sweeps/c4_chunk_size/c4__chunk_0512__rps_04__in_00512__out_2048/request.json
c4__chunk_0512__rps_04__in_01024__out_2048,colocated_chunked,C4,512,4.0,1024,2048,256,,,4,512,,7434.228623921875,21.657582791748045,51760.12133142187,61501.038713999995,0.5,1.0925951089377655,4475.269566209087,build/chunked_rps4_experiment/20260609T014844Z/sweeps/c4_chunk_size/c4__chunk_0512__rps_04__in_01024__out_2048/summary.json,/home/justin/astra-sim/build/chunked_rps4_experiment/20260609T014844Z/sweeps/c4_chunk_size/c4__chunk_0512__rps_04__in_01024__out_2048/request.json
c4__chunk_0512__rps_04__in_01536__out_2048,colocated_chunked,C4,512,4.0,1536,2048,256,,,4,512,,8145.277566578125,22.13179168762207,53442.35009282812,63760.210613999996,0.5,1.0797940191772213,4422.836302549898,build/chunked_rps4_experiment/20260609T014844Z/sweeps/c4_chunk_size/c4__chunk_0512__rps_04__in_01536__out_2048/summary.json,/home/justin/astra-sim/build/chunked_rps4_experiment/20260609T014844Z/sweeps/c4_chunk_size/c4__chunk_0512__rps_04__in_01536__out_2048/request.json
c4__chunk_0512__rps_04__in_02048__out_2048,colocated_chunked,C4,512,4.0,2048,2048,256,,,4,512,,8857.30827775,22.605044517173766,55123.602598921876,66019.382514,0.5,1.0674642640892542,4372.333625709585,build/chunked_rps4_experiment/20260609T014844Z/sweeps/c4_chunk_size/c4__chunk_0512__rps_04__in_02048__out_2048/summary.json,/home/justin/astra-sim/build/chunked_rps4_experiment/20260609T014844Z/sweeps/c4_chunk_size/c4__chunk_0512__rps_04__in_02048__out_2048/request.json
c4__chunk_0512__rps_04__in_03072__out_2048,colocated_chunked,C4,512,4.0,3072,2048,256,,,4,512,,10284.153215289061,23.548681977310178,58483.01705482031,70610.30761399999,0.5,1.0434634983279476,4274.026489151273,build/chunked_rps4_experiment/20260609T014844Z/sweeps/c4_chunk_size/c4__chunk_0512__rps_04__in_03072__out_2048/summary.json,/home/justin/astra-sim/build/chunked_rps4_experiment/20260609T014844Z/sweeps/c4_chunk_size/c4__chunk_0512__rps_04__in_03072__out_2048/request.json
c4__chunk_0512__rps_04__in_04096__out_2048,colocated_chunked,C4,512,4.0,4096,2048,256,,,4,512,,11716.348260835937,24.491363371124265,61845.82359489844,75615.680777,0.5,1.0205182620455984,4180.042801338771,build/chunked_rps4_experiment/20260609T014844Z/sweeps/c4_chunk_size/c4__chunk_0512__rps_04__in_04096__out_2048/summary.json,/home/justin/astra-sim/build/chunked_rps4_experiment/20260609T014844Z/sweeps/c4_chunk_size/c4__chunk_0512__rps_04__in_04096__out_2048/request.json
c4__chunk_0512__rps_04__in_06144__out_2048,colocated_chunked,C4,512,4.0,6144,2048,256,,,4,512,,14696.631351578124,26.30215298561096,68534.60381610937,86082.003763,0.5,0.9767591621616447,4000.8055282140967,build/chunked_rps4_experiment/20260609T014844Z/sweeps/c4_chunk_size/c4__chunk_0512__rps_04__in_06144__out_2048/summary.json,/home/justin/astra-sim/build/chunked_rps4_experiment/20260609T014844Z/sweeps/c4_chunk_size/c4__chunk_0512__rps_04__in_06144__out_2048/request.json
c4__chunk_0512__rps_04__in_07168__out_2048,colocated_chunked,C4,512,4.0,7168,2048,256,,,4,512,,16258.990026929687,27.167393007316587,71868.97405591406,91428.714163,0.01171875,0.022407036923205698,3915.9135247978893,build/chunked_rps4_experiment/20260609T014844Z/sweeps/c4_chunk_size/c4__chunk_0512__rps_04__in_07168__out_2048/summary.json,/home/justin/astra-sim/build/chunked_rps4_experiment/20260609T014844Z/sweeps/c4_chunk_size/c4__chunk_0512__rps_04__in_07168__out_2048/request.json
c4__chunk_0512__rps_04__in_10000__out_2048,colocated_chunked,C4,512,4.0,10000,2048,256,,,4,512,,23081.652393765624,28.332181581115723,81077.12342189062,106937.89549099999,0.0,0.0,3658.9006366521207,build/chunked_rps4_experiment/20260609T014844Z/sweeps/c4_chunk_size/c4__chunk_0512__rps_04__in_10000__out_2048/summary.json,/home/justin/astra-sim/build/chunked_rps4_experiment/20260609T014844Z/sweeps/c4_chunk_size/c4__chunk_0512__rps_04__in_10000__out_2048/request.json
c4__chunk_1024__rps_04__in_00128__out_2048,colocated_chunked,C4,1024,4.0,128,2048,256,,,4,1024,,6536.781749195312,21.057510020874023,49633.72542194531,58658.661656,0.5,1.1091337036122184,4543.011649995647,build/chunked_rps4_experiment/20260609T014844Z/sweeps/c4_chunk_size/c4__chunk_1024__rps_04__in_00128__out_2048/summary.json,/home/justin/astra-sim/build/chunked_rps4_experiment/20260609T014844Z/sweeps/c4_chunk_size/c4__chunk_1024__rps_04__in_00128__out_2048/request.json
c4__chunk_1024__rps_04__in_00256__out_2048,colocated_chunked,C4,1024,4.0,256,2048,256,,,4,1024,,6599.777275093749,21.099464645874022,49782.64401984375,58853.762749999994,0.5,1.107862302715753,4537.803991923724,build/chunked_rps4_experiment/20260609T014844Z/sweeps/c4_chunk_size/c4__chunk_1024__rps_04__in_00256__out_2048/summary.json,/home/justin/astra-sim/build/chunked_rps4_experiment/20260609T014844Z/sweeps/c4_chunk_size/c4__chunk_1024__rps_04__in_00256__out_2048/request.json
c4__chunk_1024__rps_04__in_00512__out_2048,colocated_chunked,C4,1024,4.0,512,2048,256,,,4,1024,,6724.312213726562,21.183373895874023,50079.02510247656,59241.866814,0.5,1.1055157593902671,4528.192550462534,build/chunked_rps4_experiment/20260609T014844Z/sweeps/c4_chunk_size/c4__chunk_1024__rps_04__in_00512__out_2048/summary.json,/home/justin/astra-sim/build/chunked_rps4_experiment/20260609T014844Z/sweeps/c4_chunk_size/c4__chunk_1024__rps_04__in_00512__out_2048/request.json
c4__chunk_1024__rps_04__in_01024__out_2048,colocated_chunked,C4,1024,4.0,1024,2048,256,,,4,1024,,6976.294317320312,21.351192395874023,50674.69949407031,60042.980355,0.5,1.1008523679740552,4509.09129922173,build/chunked_rps4_experiment/20260609T014844Z/sweeps/c4_chunk_size/c4__chunk_1024__rps_04__in_01024__out_2048/summary.json,/home/justin/astra-sim/build/chunked_rps4_experiment/20260609T014844Z/sweeps/c4_chunk_size/c4__chunk_1024__rps_04__in_01024__out_2048/request.json
c4__chunk_1024__rps_04__in_01536__out_2048,colocated_chunked,C4,1024,4.0,1536,2048,256,,,4,1024,,7686.3725178671875,21.825401291748047,52355.95751336718,62302.15225499999,0.5,1.0880398621671694,4456.611275436726,build/chunked_rps4_experiment/20260609T014844Z/sweeps/c4_chunk_size/c4__chunk_1024__rps_04__in_01536__out_2048/summary.json,/home/justin/astra-sim/build/chunked_rps4_experiment/20260609T014844Z/sweeps/c4_chunk_size/c4__chunk_1024__rps_04__in_01536__out_2048/request.json
c4__chunk_1024__rps_04__in_02048__out_2048,colocated_chunked,C4,1024,4.0,2048,2048,256,,,4,1024,,7937.383879351562,21.993219791748047,52950.66116285156,63103.265796,0.5,1.0835273252340816,4438.127924158798,build/chunked_rps4_experiment/20260609T014844Z/sweeps/c4_chunk_size/c4__chunk_1024__rps_04__in_02048__out_2048/summary.json,/home/justin/astra-sim/build/chunked_rps4_experiment/20260609T014844Z/sweeps/c4_chunk_size/c4__chunk_1024__rps_04__in_02048__out_2048/request.json
c4__chunk_1024__rps_04__in_03072__out_2048,colocated_chunked,C4,1024,4.0,3072,2048,256,,,4,1024,,8899.960707648437,22.634276380067824,55226.12188402734,66142.842072,0.5,1.0667344170762956,4369.344172344507,build/chunked_rps4_experiment/20260609T014844Z/sweeps/c4_chunk_size/c4__chunk_1024__rps_04__in_03072__out_2048/summary.json,/home/justin/astra-sim/build/chunked_rps4_experiment/20260609T014844Z/sweeps/c4_chunk_size/c4__chunk_1024__rps_04__in_03072__out_2048/request.json
c4__chunk_1024__rps_04__in_04096__out_2048,colocated_chunked,C4,1024,4.0,4096,2048,256,,,4,1024,,9865.200880421875,23.27468576335144,57502.920473765626,69203.127513,0.5,1.0502847702719924,4301.966419034081,build/chunked_rps4_experiment/20260609T014844Z/sweeps/c4_chunk_size/c4__chunk_1024__rps_04__in_04096__out_2048/summary.json,/home/justin/astra-sim/build/chunked_rps4_experiment/20260609T014844Z/sweeps/c4_chunk_size/c4__chunk_1024__rps_04__in_04096__out_2048/request.json
c4__chunk_1024__rps_04__in_06144__out_2048,colocated_chunked,C4,1024,4.0,6144,2048,256,,,4,1024,,11806.770404335937,24.54773806948471,62051.701120640624,75883.309058,0.5,1.0191849679107456,4174.581628562414,build/chunked_rps4_experiment/20260609T014844Z/sweeps/c4_chunk_size/c4__chunk_1024__rps_04__in_06144__out_2048/summary.json,/home/justin/astra-sim/build/chunked_rps4_experiment/20260609T014844Z/sweeps/c4_chunk_size/c4__chunk_1024__rps_04__in_06144__out_2048/request.json
c4__chunk_1024__rps_04__in_07168__out_2048,colocated_chunked,C4,1024,4.0,7168,2048,256,,,4,1024,,12783.143301226562,25.180704594852447,64324.389461484374,79351.178038,0.5,1.004158787295372,4113.034392761843,build/chunked_rps4_experiment/20260609T014844Z/sweeps/c4_chunk_size/c4__chunk_1024__rps_04__in_07168__out_2048/summary.json,/home/justin/astra-sim/build/chunked_rps4_experiment/20260609T014844Z/sweeps/c4_chunk_size/c4__chunk_1024__rps_04__in_07168__out_2048/request.json
c4__chunk_1024__rps_04__in_10000__out_2048,colocated_chunked,C4,1024,4.0,10000,2048,256,,,4,1024,,15770.544668453123,26.89415163625717,70820.93036950781,89752.596403,0.12109375,0.23308736551563752,3942.093828756857,build/chunked_rps4_experiment/20260609T014844Z/sweeps/c4_chunk_size/c4__chunk_1024__rps_04__in_10000__out_2048/summary.json,/home/justin/astra-sim/build/chunked_rps4_experiment/20260609T014844Z/sweeps/c4_chunk_size/c4__chunk_1024__rps_04__in_10000__out_2048/request.json
p1d3__chunk_0256__rps_04__in_00128__out_2048,pd_disaggregated,P1/D3,256,4.0,128,2048,256,1,3,,256,256,130.70370936328123,23.708758,48594.98644936328,48627.172995,1.0,2.294069287616475,4698.253901038541,build/chunked_rps4_experiment/20260609T014844Z/sweeps/pd_chunk256_assignments/p1d3__chunk_0256__rps_04__in_00128__out_2048/summary.json,/home/justin/astra-sim/build/chunked_rps4_experiment/20260609T014844Z/sweeps/pd_chunk256_assignments/p1d3__chunk_0256__rps_04__in_00128__out_2048/request.json
p1d3__chunk_0256__rps_04__in_00256__out_2048,pd_disaggregated,P1/D3,256,4.0,256,2048,256,1,3,,256,256,136.3653870078125,23.708758,48600.64812700781,48637.862942,1.0,2.293915988166371,4697.939943764728,build/chunked_rps4_experiment/20260609T014844Z/sweeps/pd_chunk256_assignments/p1d3__chunk_0256__rps_04__in_00256__out_2048/summary.json,/home/justin/astra-sim/build/chunked_rps4_experiment/20260609T014844Z/sweeps/pd_chunk256_assignments/p1d3__chunk_0256__rps_04__in_00256__out_2048/request.json
p1d3__chunk_0256__rps_04__in_00512__out_2048,pd_disaggregated,P1/D3,256,4.0,512,2048,256,1,3,,256,256,188.64980294921875,23.708758,48652.93254294922,48777.281254,1.0,2.2933788614193,4696.8399081867265,build/chunked_rps4_experiment/20260609T014844Z/sweeps/pd_chunk256_assignments/p1d3__chunk_0256__rps_04__in_00512__out_2048/summary.json,/home/justin/astra-sim/build/chunked_rps4_experiment/20260609T014844Z/sweeps/pd_chunk256_assignments/p1d3__chunk_0256__rps_04__in_00512__out_2048/request.json
p1d3__chunk_0256__rps_04__in_01024__out_2048,pd_disaggregated,P1/D3,256,4.0,1024,2048,256,1,3,,256,256,386.0499685859375,23.709003512577056,48850.835518343745,49270.342223,1.0,2.290142420301568,4690.2116767776115,build/chunked_rps4_experiment/20260609T014844Z/sweeps/pd_chunk256_assignments/p1d3__chunk_0256__rps_04__in_01024__out_2048/summary.json,/home/justin/astra-sim/build/chunked_rps4_experiment/20260609T014844Z/sweeps/pd_chunk256_assignments/p1d3__chunk_0256__rps_04__in_01024__out_2048/request.json
p1d3__chunk_0256__rps_04__in_01536__out_2048,pd_disaggregated,P1/D3,256,4.0,1536,2048,256,1,3,,256,256,1838.751144078125,23.708758,50303.033884078126,52879.611463,0.6484375,1.4781735089633947,4668.606220887953,build/chunked_rps4_experiment/20260609T014844Z/sweeps/pd_chunk256_assignments/p1d3__chunk_0256__rps_04__in_01536__out_2048/summary.json,/home/justin/astra-sim/build/chunked_rps4_experiment/20260609T014844Z/sweeps/pd_chunk256_assignments/p1d3__chunk_0256__rps_04__in_01536__out_2048/request.json
p1d3__chunk_0256__rps_04__in_02048__out_2048,pd_disaggregated,P1/D3,256,4.0,2048,2048,256,1,3,,256,256,11957.017943101562,23.70894548998642,60421.68466259375,67816.468483,0.04296875,0.088787073723721,4231.817937132931,build/chunked_rps4_experiment/20260609T014844Z/sweeps/pd_chunk256_assignments/p1d3__chunk_0256__rps_04__in_02048__out_2048/summary.json,/home/justin/astra-sim/build/chunked_rps4_experiment/20260609T014844Z/sweeps/pd_chunk256_assignments/p1d3__chunk_0256__rps_04__in_02048__out_2048/request.json
p1d3__chunk_0256__rps_04__in_03072__out_2048,pd_disaggregated,P1/D3,256,4.0,3072,2048,256,1,3,,256,256,47725.3723165,23.70878667286682,96189.71377853125,112871.058882,0.0078125,0.012380495504929886,3245.47261364434,build/chunked_rps4_experiment/20260609T014844Z/sweeps/pd_chunk256_assignments/p1d3__chunk_0256__rps_04__in_03072__out_2048/summary.json,/home/justin/astra-sim/build/chunked_rps4_experiment/20260609T014844Z/sweeps/pd_chunk256_assignments/p1d3__chunk_0256__rps_04__in_03072__out_2048/request.json
p1d3__chunk_0256__rps_04__in_04096__out_2048,pd_disaggregated,P1/D3,256,4.0,4096,2048,256,1,3,,256,256,84696.19166635156,23.708758,133160.47440635157,152158.90205499998,0.0,0.0,2632.000704056333,build/chunked_rps4_experiment/20260609T014844Z/sweeps/pd_chunk256_assignments/p1d3__chunk_0256__rps_04__in_04096__out_2048/summary.json,/home/justin/astra-sim/build/chunked_rps4_experiment/20260609T014844Z/sweeps/pd_chunk256_assignments/p1d3__chunk_0256__rps_04__in_04096__out_2048/request.json
p1d3__chunk_0256__rps_04__in_06144__out_2048,pd_disaggregated,P1/D3,256,4.0,6144,2048,256,1,3,,256,256,159467.278890875,23.708758,207931.561630875,228789.006799,0.0,0.0,1909.8180630808993,build/chunked_rps4_experiment/20260609T014844Z/sweeps/pd_chunk256_assignments/p1d3__chunk_0256__rps_04__in_06144__out_2048/summary.json,/home/justin/astra-sim/build/chunked_rps4_experiment/20260609T014844Z/sweeps/pd_chunk256_assignments/p1d3__chunk_0256__rps_04__in_06144__out_2048/request.json
p1d3__chunk_0256__rps_04__in_07168__out_2048,pd_disaggregated,P1/D3,256,4.0,7168,2048,256,1,3,,256,256,197056.33809578905,23.708758,245520.62083578904,266633.903911,0.0,0.0,1679.426237687633,build/chunked_rps4_experiment/20260609T014844Z/sweeps/pd_chunk256_assignments/p1d3__chunk_0256__rps_04__in_07168__out_2048/summary.json,/home/justin/astra-sim/build/chunked_rps4_experiment/20260609T014844Z/sweeps/pd_chunk256_assignments/p1d3__chunk_0256__rps_04__in_07168__out_2048/request.json
p1d3__chunk_0256__rps_04__in_10000__out_2048,pd_disaggregated,P1/D3,256,4.0,10000,2048,256,1,3,,256,256,309036.2149660703,23.708758,357500.4977060703,378774.34816299996,0.0,0.0,1238.3676232885775,build/chunked_rps4_experiment/20260609T014844Z/sweeps/pd_chunk256_assignments/p1d3__chunk_0256__rps_04__in_10000__out_2048/summary.json,/home/justin/astra-sim/build/chunked_rps4_experiment/20260609T014844Z/sweeps/pd_chunk256_assignments/p1d3__chunk_0256__rps_04__in_10000__out_2048/request.json
p2d2__chunk_0064__rps_04__in_00128__out_2048,pd_disaggregated,P2/D2,64,4.0,128,2048,256,2,2,,64,64,167.106267078125,24.5942435452919,50440.50798083594,50454.372209,1.0,2.2567343431107054,4621.791934690725,build/chunked_rps4_experiment/20260609T014844Z/sweeps/p2d2_chunk_size/p2d2__chunk_0064__rps_04__in_00128__out_2048/summary.json,/home/justin/astra-sim/build/chunked_rps4_experiment/20260609T014844Z/sweeps/p2d2_chunk_size/p2d2__chunk_0064__rps_04__in_00128__out_2048/request.json
p2d2__chunk_0064__rps_04__in_00256__out_2048,pd_disaggregated,P2/D2,64,4.0,256,2048,256,2,2,,64,64,235.376313203125,24.594270322715758,50508.832867125,50584.468495,1.0,2.2554942663020787,4619.252257386657,build/chunked_rps4_experiment/20260609T014844Z/sweeps/p2d2_chunk_size/p2d2__chunk_0064__rps_04__in_00256__out_2048/summary.json,/home/justin/astra-sim/build/chunked_rps4_experiment/20260609T014844Z/sweeps/p2d2_chunk_size/p2d2__chunk_0064__rps_04__in_00256__out_2048/request.json
p2d2__chunk_0064__rps_04__in_00512__out_2048,pd_disaggregated,P2/D2,64,4.0,512,2048,256,2,2,,64,64,417.05663290625,24.593827879026414,50689.60706215234,50953.487224,1.0,2.2529254093542512,4613.9912383575065,build/chunked_rps4_experiment/20260609T014844Z/sweeps/p2d2_chunk_size/p2d2__chunk_0064__rps_04__in_00512__out_2048/summary.json,/home/justin/astra-sim/build/chunked_rps4_experiment/20260609T014844Z/sweeps/p2d2_chunk_size/p2d2__chunk_0064__rps_04__in_00512__out_2048/request.json
p2d2__chunk_0064__rps_04__in_01024__out_2048,pd_disaggregated,P2/D2,64,4.0,1024,2048,256,2,2,,64,64,4981.873033855469,24.59412750978851,55255.03710690234,59620.16824,0.171875,0.37847070005903144,4509.719236194306,build/chunked_rps4_experiment/20260609T014844Z/sweeps/p2d2_chunk_size/p2d2__chunk_0064__rps_04__in_01024__out_2048/summary.json,/home/justin/astra-sim/build/chunked_rps4_experiment/20260609T014844Z/sweeps/p2d2_chunk_size/p2d2__chunk_0064__rps_04__in_01024__out_2048/request.json
p2d2__chunk_0064__rps_04__in_01536__out_2048,pd_disaggregated,P2/D2,64,4.0,1536,2048,256,2,2,,64,64,32655.525530574218,24.59350471315193,82927.41411610937,97236.093826,0.015625,0.027363815545575394,3586.630031189658,build/chunked_rps4_experiment/20260609T014844Z/sweeps/p2d2_chunk_size/p2d2__chunk_0064__rps_04__in_01536__out_2048/summary.json,/home/justin/astra-sim/build/chunked_rps4_experiment/20260609T014844Z/sweeps/p2d2_chunk_size/p2d2__chunk_0064__rps_04__in_01536__out_2048/request.json
p2d2__chunk_0064__rps_04__in_02048__out_2048,pd_disaggregated,P2/D2,64,4.0,2048,2048,256,2,2,,64,64,64201.33883173437,24.593705849962234,114473.63934545702,131929.768713,0.0,0.0,2943.646651267688,build/chunked_rps4_experiment/20260609T014844Z/sweeps/p2d2_chunk_size/p2d2__chunk_0064__rps_04__in_02048__out_2048/summary.json,/home/justin/astra-sim/build/chunked_rps4_experiment/20260609T014844Z/sweeps/p2d2_chunk_size/p2d2__chunk_0064__rps_04__in_02048__out_2048/request.json
p2d2__chunk_0064__rps_04__in_03072__out_2048,pd_disaggregated,P2/D2,64,4.0,3072,2048,256,2,2,,64,64,127756.96640170703,24.593781276266096,178029.4213885,197751.290112,0.0,0.0,2166.712532640211,build/chunked_rps4_experiment/20260609T014844Z/sweeps/p2d2_chunk_size/p2d2__chunk_0064__rps_04__in_03072__out_2048/summary.json,/home/justin/astra-sim/build/chunked_rps4_experiment/20260609T014844Z/sweeps/p2d2_chunk_size/p2d2__chunk_0064__rps_04__in_03072__out_2048/request.json
p2d2__chunk_0064__rps_04__in_04096__out_2048,pd_disaggregated,P2/D2,64,4.0,4096,2048,256,2,2,,64,64,191552.63014947655,24.593467,241824.44149847655,261902.92695199998,0.0,0.0,1714.245273599946,build/chunked_rps4_experiment/20260609T014844Z/sweeps/p2d2_chunk_size/p2d2__chunk_0064__rps_04__in_04096__out_2048/summary.json,/home/justin/astra-sim/build/chunked_rps4_experiment/20260609T014844Z/sweeps/p2d2_chunk_size/p2d2__chunk_0064__rps_04__in_04096__out_2048/request.json
p2d2__chunk_0064__rps_04__in_06144__out_2048,pd_disaggregated,P2/D2,64,4.0,6144,2048,256,2,2,,64,64,319242.0808386719,24.593467,369513.89218767185,389900.80804,0.0,0.0,1209.2252856228597,build/chunked_rps4_experiment/20260609T014844Z/sweeps/p2d2_chunk_size/p2d2__chunk_0064__rps_04__in_06144__out_2048/summary.json,/home/justin/astra-sim/build/chunked_rps4_experiment/20260609T014844Z/sweeps/p2d2_chunk_size/p2d2__chunk_0064__rps_04__in_06144__out_2048/request.json
p2d2__chunk_0064__rps_04__in_07168__out_2048,pd_disaggregated,P2/D2,64,4.0,7168,2048,256,2,2,,64,64,383107.56425967184,24.593467,433379.37560867186,453766.291461,0.0,0.0,1053.9745612917723,build/chunked_rps4_experiment/20260609T014844Z/sweeps/p2d2_chunk_size/p2d2__chunk_0064__rps_04__in_07168__out_2048/summary.json,/home/justin/astra-sim/build/chunked_rps4_experiment/20260609T014844Z/sweeps/p2d2_chunk_size/p2d2__chunk_0064__rps_04__in_07168__out_2048/request.json
p2d2__chunk_0064__rps_04__in_10000__out_2048,pd_disaggregated,P2/D2,64,4.0,10000,2048,256,2,2,,64,64,562640.8189986133,24.593788285911558,612913.2883411602,633294.913941,0.0,0.0,774.5612872866379,build/chunked_rps4_experiment/20260609T014844Z/sweeps/p2d2_chunk_size/p2d2__chunk_0064__rps_04__in_10000__out_2048/summary.json,/home/justin/astra-sim/build/chunked_rps4_experiment/20260609T014844Z/sweeps/p2d2_chunk_size/p2d2__chunk_0064__rps_04__in_10000__out_2048/request.json
p2d2__chunk_0128__rps_04__in_00128__out_2048,pd_disaggregated,P2/D2,128,4.0,128,2048,256,2,2,,128,128,137.5759165625,24.594252471099853,50410.995910375,50425.050961,1.0,2.257317783061689,4622.986819710339,build/chunked_rps4_experiment/20260609T014844Z/sweeps/p2d2_chunk_size/p2d2__chunk_0128__rps_04__in_00128__out_2048/summary.json,/home/justin/astra-sim/build/chunked_rps4_experiment/20260609T014844Z/sweeps/p2d2_chunk_size/p2d2__chunk_0128__rps_04__in_00128__out_2048/request.json
p2d2__chunk_0128__rps_04__in_00256__out_2048,pd_disaggregated,P2/D2,128,4.0,256,2048,256,2,2,,128,128,171.0271915390625,24.5942435452919,50444.428905296874,50468.34957,1.0,2.2566601652459495,4621.6400184237045,build/chunked_rps4_experiment/20260609T014844Z/sweeps/p2d2_chunk_size/p2d2__chunk_0128__rps_04__in_00256__out_2048/summary.json,/home/justin/astra-sim/build/chunked_rps4_experiment/20260609T014844Z/sweeps/p2d2_chunk_size/p2d2__chunk_0128__rps_04__in_00256__out_2048/request.json
p2d2__chunk_0128__rps_04__in_00512__out_2048,pd_disaggregated,P2/D2,128,4.0,512,2048,256,2,2,,128,128,243.63432619921875,24.594207842060086,50516.96291973828,50593.211191999995,1.0,2.2553460784562724,4618.948768678446,build/chunked_rps4_experiment/20260609T014844Z/sweeps/p2d2_chunk_size/p2d2__chunk_0128__rps_04__in_00512__out_2048/summary.json,/home/justin/astra-sim/build/chunked_rps4_experiment/20260609T014844Z/sweeps/p2d2_chunk_size/p2d2__chunk_0128__rps_04__in_00512__out_2048/request.json
p2d2__chunk_0128__rps_04__in_01024__out_2048,pd_disaggregated,P2/D2,128,4.0,1024,2048,256,2,2,,128,128,445.0557157695312,24.594086309474942,50718.135410574214,51015.678151,1.0,2.2526297277646012,4613.385682461903,build/chunked_rps4_experiment/20260609T014844Z/sweeps/p2d2_chunk_size/p2d2__chunk_0128__rps_04__in_01024__out_2048/summary.json,/home/justin/astra-sim/build/chunked_rps4_experiment/20260609T014844Z/sweeps/p2d2_chunk_size/p2d2__chunk_0128__rps_04__in_01024__out_2048/request.json
p2d2__chunk_0128__rps_04__in_01536__out_2048,pd_disaggregated,P2/D2,128,4.0,1536,2048,256,2,2,,128,128,1159.5298963398436,24.594160464479444,51432.76146059375,53100.620751999995,0.85546875,1.921001454196057,4598.895024737636,build/chunked_rps4_experiment/20260609T014844Z/sweeps/p2d2_chunk_size/p2d2__chunk_0128__rps_04__in_01536__out_2048/summary.json,/home/justin/astra-sim/build/chunked_rps4_experiment/20260609T014844Z/sweeps/p2d2_chunk_size/p2d2__chunk_0128__rps_04__in_01536__out_2048/request.json
p2d2__chunk_0128__rps_04__in_02048__out_2048,pd_disaggregated,P2/D2,128,4.0,2048,2048,256,2,2,,128,128,7221.438918726562,24.593467,57493.25026772656,62481.942497,0.14453125,0.3103327767270463,4397.398671477558,build/chunked_rps4_experiment/20260609T014844Z/sweeps/p2d2_chunk_size/p2d2__chunk_0128__rps_04__in_02048__out_2048/summary.json,/home/justin/astra-sim/build/chunked_rps4_experiment/20260609T014844Z/sweeps/p2d2_chunk_size/p2d2__chunk_0128__rps_04__in_02048__out_2048/request.json
p2d2__chunk_0128__rps_04__in_03072__out_2048,pd_disaggregated,P2/D2,128,4.0,3072,2048,256,2,2,,128,128,38213.742170257814,24.593467,88485.55351925781,103649.351503,0.0078125,0.013166484386674917,3451.5148830605094,build/chunked_rps4_experiment/20260609T014844Z/sweeps/p2d2_chunk_size/p2d2__chunk_0128__rps_04__in_03072__out_2048/summary.json,/home/justin/astra-sim/build/chunked_rps4_experiment/20260609T014844Z/sweeps/p2d2_chunk_size/p2d2__chunk_0128__rps_04__in_03072__out_2048/request.json
p2d2__chunk_0128__rps_04__in_04096__out_2048,pd_disaggregated,P2/D2,128,4.0,4096,2048,256,2,2,,128,128,71688.32398614062,24.59376192280197,121960.73933703906,139710.08791899998,0.0,0.0,2822.6640587814245,build/chunked_rps4_experiment/20260609T014844Z/sweeps/p2d2_chunk_size/p2d2__chunk_0128__rps_04__in_04096__out_2048/summary.json,/home/justin/astra-sim/build/chunked_rps4_experiment/20260609T014844Z/sweeps/p2d2_chunk_size/p2d2__chunk_0128__rps_04__in_04096__out_2048/request.json
p2d2__chunk_0128__rps_04__in_06144__out_2048,pd_disaggregated,P2/D2,128,4.0,6144,2048,256,2,2,,128,128,139078.25237808202,24.593467,189350.06372708202,209195.2874,0.0,0.0,2068.762991973606,build/chunked_rps4_experiment/20260609T014844Z/sweeps/p2d2_chunk_size/p2d2__chunk_0128__rps_04__in_06144__out_2048/summary.json,/home/justin/astra-sim/build/chunked_rps4_experiment/20260609T014844Z/sweeps/p2d2_chunk_size/p2d2__chunk_0128__rps_04__in_06144__out_2048/request.json
p2d2__chunk_0128__rps_04__in_07168__out_2048,pd_disaggregated,P2/D2,128,4.0,7168,2048,256,2,2,,128,128,172886.0865942539,24.593467,223157.8979432539,243155.12307499998,0.0,0.0,1825.067537738898,build/chunked_rps4_experiment/20260609T014844Z/sweeps/p2d2_chunk_size/p2d2__chunk_0128__rps_04__in_07168__out_2048/summary.json,/home/justin/astra-sim/build/chunked_rps4_experiment/20260609T014844Z/sweeps/p2d2_chunk_size/p2d2__chunk_0128__rps_04__in_07168__out_2048/request.json
p2d2__chunk_0128__rps_04__in_10000__out_2048,pd_disaggregated,P2/D2,128,4.0,10000,2048,256,2,2,,128,128,269911.416648,24.593686335289,320183.6771956719,340574.634356,0.0,0.0,1364.7746171700485,build/chunked_rps4_experiment/20260609T014844Z/sweeps/p2d2_chunk_size/p2d2__chunk_0128__rps_04__in_10000__out_2048/summary.json,/home/justin/astra-sim/build/chunked_rps4_experiment/20260609T014844Z/sweeps/p2d2_chunk_size/p2d2__chunk_0128__rps_04__in_10000__out_2048/request.json
p2d2__chunk_0256__rps_04__in_00128__out_2048,pd_disaggregated,P2/D2,256,4.0,128,2048,256,2,2,,256,256,137.5759165625,24.594252471099853,50410.995910375,50425.050961,1.0,2.257317783061689,4622.986819710339,build/chunked_rps4_experiment/20260609T014844Z/sweeps/p2d2_chunk_size/p2d2__chunk_0256__rps_04__in_00128__out_2048/summary.json,/home/justin/astra-sim/build/chunked_rps4_experiment/20260609T014844Z/sweeps/p2d2_chunk_size/p2d2__chunk_0256__rps_04__in_00128__out_2048/request.json
p2d2__chunk_0256__rps_04__in_00256__out_2048,pd_disaggregated,P2/D2,256,4.0,256,2048,256,2,2,,256,256,141.3047045625,24.594252471099853,50414.724698375,50428.779749,1.0,2.2572435668377766,4622.8348248837665,build/chunked_rps4_experiment/20260609T014844Z/sweeps/p2d2_chunk_size/p2d2__chunk_0256__rps_04__in_00256__out_2048/summary.json,/home/justin/astra-sim/build/chunked_rps4_experiment/20260609T014844Z/sweeps/p2d2_chunk_size/p2d2__chunk_0256__rps_04__in_00256__out_2048/request.json
p2d2__chunk_0256__rps_04__in_00512__out_2048,pd_disaggregated,P2/D2,256,4.0,512,2048,256,2,2,,256,256,178.73641112109374,24.594261396907804,50452.17468498828,50484.844918999996,1.0,2.2565118241645283,4621.336215888954,build/chunked_rps4_experiment/20260609T014844Z/sweeps/p2d2_chunk_size/p2d2__chunk_0256__rps_04__in_00512__out_2048/summary.json,/home/justin/astra-sim/build/chunked_rps4_experiment/20260609T014844Z/sweeps/p2d2_chunk_size/p2d2__chunk_0256__rps_04__in_00512__out_2048/request.json
p2d2__chunk_0256__rps_04__in_01024__out_2048,pd_disaggregated,P2/D2,256,4.0,1024,2048,256,2,2,,256,256,261.80685189453123,24.59430602594757,50535.33652603516,50632.719808999995,1.0,2.2550497611733724,4618.341910883067,build/chunked_rps4_experiment/20260609T014844Z/sweeps/p2d2_chunk_size/p2d2__chunk_0256__rps_04__in_01024__out_2048/summary.json,/home/justin/astra-sim/build/chunked_rps4_experiment/20260609T014844Z/sweeps/p2d2_chunk_size/p2d2__chunk_0256__rps_04__in_01024__out_2048/request.json
p2d2__chunk_0256__rps_04__in_01536__out_2048,pd_disaggregated,P2/D2,256,4.0,1536,2048,256,2,2,,256,256,362.31581458984374,24.594279248523712,50635.790648566406,50856.428273,1.0,2.253589591586035,4615.3514835682,build/chunked_rps4_experiment/20260609T014844Z/sweeps/p2d2_chunk_size/p2d2__chunk_0256__rps_04__in_01536__out_2048/summary.json,/home/justin/astra-sim/build/chunked_rps4_experiment/20260609T014844Z/sweeps/p2d2_chunk_size/p2d2__chunk_0256__rps_04__in_01536__out_2048/request.json
p2d2__chunk_0256__rps_04__in_02048__out_2048,pd_disaggregated,P2/D2,256,4.0,2048,2048,256,2,2,,256,256,509.8679358476562,24.59430602594757,50783.39760998828,51194.312599,1.0,2.2523772057035147,4612.868517280798,build/chunked_rps4_experiment/20260609T014844Z/sweeps/p2d2_chunk_size/p2d2__chunk_0256__rps_04__in_02048__out_2048/summary.json,/home/justin/astra-sim/build/chunked_rps4_experiment/20260609T014844Z/sweeps/p2d2_chunk_size/p2d2__chunk_0256__rps_04__in_02048__out_2048/request.json
p2d2__chunk_0256__rps_04__in_03072__out_2048,pd_disaggregated,P2/D2,256,4.0,3072,2048,256,2,2,,256,256,2107.8454648476563,24.593467,52379.65681384765,55108.327387,0.59765625,1.340357366606715,4593.027993617657,build/chunked_rps4_experiment/20260609T014844Z/sweeps/p2d2_chunk_size/p2d2__chunk_0256__rps_04__in_03072__out_2048/summary.json,/home/justin/astra-sim/build/chunked_rps4_experiment/20260609T014844Z/sweeps/p2d2_chunk_size/p2d2__chunk_0256__rps_04__in_03072__out_2048/request.json
p2d2__chunk_0256__rps_04__in_04096__out_2048,pd_disaggregated,P2/D2,256,4.0,4096,2048,256,2,2,,256,256,12630.675588929687,24.593467,62902.48693792969,70604.958974,0.04296875,0.08751392641272374,4171.136495552191,build/chunked_rps4_experiment/20260609T014844Z/sweeps/p2d2_chunk_size/p2d2__chunk_0256__rps_04__in_04096__out_2048/summary.json,/home/justin/astra-sim/build/chunked_rps4_experiment/20260609T014844Z/sweeps/p2d2_chunk_size/p2d2__chunk_0256__rps_04__in_04096__out_2048/request.json
p2d2__chunk_0256__rps_04__in_06144__out_2048,pd_disaggregated,P2/D2,256,4.0,6144,2048,256,2,2,,256,256,49341.60771901953,24.593467,99613.41906801953,116118.786583,0.0078125,0.012242804520513116,3209.3777482253904,build/chunked_rps4_experiment/20260609T014844Z/sweeps/p2d2_chunk_size/p2d2__chunk_0256__rps_04__in_06144__out_2048/summary.json,/home/justin/astra-sim/build/chunked_rps4_experiment/20260609T014844Z/sweeps/p2d2_chunk_size/p2d2__chunk_0256__rps_04__in_06144__out_2048/request.json
p2d2__chunk_0256__rps_04__in_07168__out_2048,pd_disaggregated,P2/D2,256,4.0,7168,2048,256,2,2,,256,256,67974.01261147266,24.593629177028657,118246.15609902734,135946.82176299999,0.0,0.0,2877.575451494766,build/chunked_rps4_experiment/20260609T014844Z/sweeps/p2d2_chunk_size/p2d2__chunk_0256__rps_04__in_07168__out_2048/summary.json,/home/justin/astra-sim/build/chunked_rps4_experiment/20260609T014844Z/sweeps/p2d2_chunk_size/p2d2__chunk_0256__rps_04__in_07168__out_2048/request.json
p2d2__chunk_0256__rps_04__in_10000__out_2048,pd_disaggregated,P2/D2,256,4.0,10000,2048,256,2,2,,256,256,123664.48586260936,24.593789115837097,173936.95690484374,193704.708591,0.0,0.0,2204.702635193451,build/chunked_rps4_experiment/20260609T014844Z/sweeps/p2d2_chunk_size/p2d2__chunk_0256__rps_04__in_10000__out_2048/summary.json,/home/justin/astra-sim/build/chunked_rps4_experiment/20260609T014844Z/sweeps/p2d2_chunk_size/p2d2__chunk_0256__rps_04__in_10000__out_2048/request.json
p2d2__chunk_0512__rps_04__in_00128__out_2048,pd_disaggregated,P2/D2,512,4.0,128,2048,256,2,2,,512,512,137.5759165625,24.594252471099853,50410.995910375,50425.050961,1.0,2.257317783061689,4622.986819710339,build/chunked_rps4_experiment/20260609T014844Z/sweeps/p2d2_chunk_size/p2d2__chunk_0512__rps_04__in_00128__out_2048/summary.json,/home/justin/astra-sim/build/chunked_rps4_experiment/20260609T014844Z/sweeps/p2d2_chunk_size/p2d2__chunk_0512__rps_04__in_00128__out_2048/request.json
p2d2__chunk_0512__rps_04__in_00256__out_2048,pd_disaggregated,P2/D2,512,4.0,256,2048,256,2,2,,512,512,141.3047045625,24.594252471099853,50414.724698375,50428.779749,1.0,2.2572435668377766,4622.8348248837665,build/chunked_rps4_experiment/20260609T014844Z/sweeps/p2d2_chunk_size/p2d2__chunk_0512__rps_04__in_00256__out_2048/summary.json,/home/justin/astra-sim/build/chunked_rps4_experiment/20260609T014844Z/sweeps/p2d2_chunk_size/p2d2__chunk_0512__rps_04__in_00256__out_2048/request.json
p2d2__chunk_0512__rps_04__in_00512__out_2048,pd_disaggregated,P2/D2,512,4.0,512,2048,256,2,2,,512,512,148.84006773828125,24.594261396907804,50422.278341605466,50436.237323999994,1.0,2.2570951490494013,4622.530865253174,build/chunked_rps4_experiment/20260609T014844Z/sweeps/p2d2_chunk_size/p2d2__chunk_0512__rps_04__in_00512__out_2048/summary.json,/home/justin/astra-sim/build/chunked_rps4_experiment/20260609T014844Z/sweeps/p2d2_chunk_size/p2d2__chunk_0512__rps_04__in_00512__out_2048/request.json
p2d2__chunk_0512__rps_04__in_01024__out_2048,pd_disaggregated,P2/D2,512,4.0,1024,2048,256,2,2,,512,512,194.45666707421873,24.5942435452919,50467.858380832025,50500.29954,1.0,2.2562152005010137,4620.728730626076,build/chunked_rps4_experiment/20260609T014844Z/sweeps/p2d2_chunk_size/p2d2__chunk_0512__rps_04__in_01024__out_2048/summary.json,/home/justin/astra-sim/build/chunked_rps4_experiment/20260609T014844Z/sweeps/p2d2_chunk_size/p2d2__chunk_0512__rps_04__in_01024__out_2048/request.json
p2d2__chunk_0512__rps_04__in_01536__out_2048,pd_disaggregated,P2/D2,512,4.0,1536,2048,256,2,2,,512,512,244.24542838671874,24.594252471099853,50517.665422199214,50605.749920999995,1.0,2.255335937796725,4618.928000607692,build/chunked_rps4_experiment/20260609T014844Z/sweeps/p2d2_chunk_size/p2d2__chunk_0512__rps_04__in_01536__out_2048/summary.json,/home/justin/astra-sim/build/chunked_rps4_experiment/20260609T014844Z/sweeps/p2d2_chunk_size/p2d2__chunk_0512__rps_04__in_01536__out_2048/request.json
p2d2__chunk_0512__rps_04__in_02048__out_2048,pd_disaggregated,P2/D2,512,4.0,2048,2048,256,2,2,,512,512,299.4140106054687,24.594261396907804,50572.852284472654,50714.329687,1.0,2.2544573601350124,4617.128673556505,build/chunked_rps4_experiment/20260609T014844Z/sweeps/p2d2_chunk_size/p2d2__chunk_0512__rps_04__in_02048__out_2048/summary.json,/home/justin/astra-sim/build/chunked_rps4_experiment/20260609T014844Z/sweeps/p2d2_chunk_size/p2d2__chunk_0512__rps_04__in_02048__out_2048/request.json
p2d2__chunk_0512__rps_04__in_03072__out_2048,pd_disaggregated,P2/D2,512,4.0,3072,2048,256,2,2,,512,512,441.8261825898437,24.59420183444214,50715.14247252734,51011.511524999994,1.0,2.252800422668613,4613.73526562532,build/chunked_rps4_experiment/20260609T014844Z/sweeps/p2d2_chunk_size/p2d2__chunk_0512__rps_04__in_03072__out_2048/summary.json,/home/justin/astra-sim/build/chunked_rps4_experiment/20260609T014844Z/sweeps/p2d2_chunk_size/p2d2__chunk_0512__rps_04__in_03072__out_2048/request.json
p2d2__chunk_0512__rps_04__in_04096__out_2048,pd_disaggregated,P2/D2,512,4.0,4096,2048,256,2,2,,512,512,769.0406644179687,24.59388952980423,51041.71735445703,51926.76338,1.0,2.248524108262845,4604.977373722307,build/chunked_rps4_experiment/20260609T014844Z/sweeps/p2d2_chunk_size/p2d2__chunk_0512__rps_04__in_04096__out_2048/summary.json,/home/justin/astra-sim/build/chunked_rps4_experiment/20260609T014844Z/sweeps/p2d2_chunk_size/p2d2__chunk_0512__rps_04__in_04096__out_2048/request.json
p2d2__chunk_0512__rps_04__in_06144__out_2048,pd_disaggregated,P2/D2,512,4.0,6144,2048,256,2,2,,512,512,7249.634800039063,24.593467,57521.44614903906,62518.389187999994,0.15234375,0.3265780390240033,4390.280690354272,build/chunked_rps4_experiment/20260609T014844Z/sweeps/p2d2_chunk_size/p2d2__chunk_0512__rps_04__in_06144__out_2048/summary.json,/home/justin/astra-sim/build/chunked_rps4_experiment/20260609T014844Z/sweeps/p2d2_chunk_size/p2d2__chunk_0512__rps_04__in_06144__out_2048/request.json
p2d2__chunk_0512__rps_04__in_07168__out_2048,pd_disaggregated,P2/D2,512,4.0,7168,2048,256,2,2,,512,512,16249.441602539062,24.593467,66521.25295153906,75977.863481,0.0390625,0.07713594869689878,4044.1452270399673,build/chunked_rps4_experiment/20260609T014844Z/sweeps/p2d2_chunk_size/p2d2__chunk_0512__rps_04__in_07168__out_2048/summary.json,/home/justin/astra-sim/build/chunked_rps4_experiment/20260609T014844Z/sweeps/p2d2_chunk_size/p2d2__chunk_0512__rps_04__in_07168__out_2048/request.json
p2d2__chunk_0512__rps_04__in_10000__out_2048,pd_disaggregated,P2/D2,512,4.0,10000,2048,256,2,2,,512,512,48704.7540349375,24.593672293582916,98976.98582519531,115543.650077,0.0078125,0.012289066299277656,3221.504995957842,build/chunked_rps4_experiment/20260609T014844Z/sweeps/p2d2_chunk_size/p2d2__chunk_0512__rps_04__in_10000__out_2048/summary.json,/home/justin/astra-sim/build/chunked_rps4_experiment/20260609T014844Z/sweeps/p2d2_chunk_size/p2d2__chunk_0512__rps_04__in_10000__out_2048/request.json
p2d2__chunk_1024__rps_04__in_00128__out_2048,pd_disaggregated,P2/D2,1024,4.0,128,2048,256,2,2,,1024,1024,137.5759165625,24.594252471099853,50410.995910375,50425.050961,1.0,2.257317783061689,4622.986819710339,build/chunked_rps4_experiment/20260609T014844Z/sweeps/p2d2_chunk_size/p2d2__chunk_1024__rps_04__in_00128__out_2048/summary.json,/home/justin/astra-sim/build/chunked_rps4_experiment/20260609T014844Z/sweeps/p2d2_chunk_size/p2d2__chunk_1024__rps_04__in_00128__out_2048/request.json
p2d2__chunk_1024__rps_04__in_00256__out_2048,pd_disaggregated,P2/D2,1024,4.0,256,2048,256,2,2,,1024,1024,141.3047045625,24.594252471099853,50414.724698375,50428.779749,1.0,2.2572435668377766,4622.8348248837665,build/chunked_rps4_experiment/20260609T014844Z/sweeps/p2d2_chunk_size/p2d2__chunk_1024__rps_04__in_00256__out_2048/summary.json,/home/justin/astra-sim/build/chunked_rps4_experiment/20260609T014844Z/sweeps/p2d2_chunk_size/p2d2__chunk_1024__rps_04__in_00256__out_2048/request.json
p2d2__chunk_1024__rps_04__in_00512__out_2048,pd_disaggregated,P2/D2,1024,4.0,512,2048,256,2,2,,1024,1024,148.84006773828125,24.594261396907804,50422.278341605466,50436.237323999994,1.0,2.2570951490494013,4622.530865253174,build/chunked_rps4_experiment/20260609T014844Z/sweeps/p2d2_chunk_size/p2d2__chunk_1024__rps_04__in_00512__out_2048/summary.json,/home/justin/astra-sim/build/chunked_rps4_experiment/20260609T014844Z/sweeps/p2d2_chunk_size/p2d2__chunk_1024__rps_04__in_00512__out_2048/request.json
p2d2__chunk_1024__rps_04__in_01024__out_2048,pd_disaggregated,P2/D2,1024,4.0,1024,2048,256,2,2,,1024,1024,163.94735419921875,24.594261396907804,50437.385628066404,50451.153787999996,1.0,2.2567983720173572,4621.923065891548,build/chunked_rps4_experiment/20260609T014844Z/sweeps/p2d2_chunk_size/p2d2__chunk_1024__rps_04__in_01024__out_2048/summary.json,/home/justin/astra-sim/build/chunked_rps4_experiment/20260609T014844Z/sweeps/p2d2_chunk_size/p2d2__chunk_1024__rps_04__in_01024__out_2048/request.json
p2d2__chunk_1024__rps_04__in_01536__out_2048,pd_disaggregated,P2/D2,1024,4.0,1536,2048,256,2,2,,1024,1024,210.54291589453123,24.594234619483945,50483.926349597656,50539.268685999996,1.0,2.2559186548109738,4620.121405052874,build/chunked_rps4_experiment/20260609T014844Z/sweeps/p2d2_chunk_size/p2d2__chunk_1024__rps_04__in_01536__out_2048/summary.json,/home/justin/astra-sim/build/chunked_rps4_experiment/20260609T014844Z/sweeps/p2d2_chunk_size/p2d2__chunk_1024__rps_04__in_01536__out_2048/request.json
p2d2__chunk_1024__rps_04__in_02048__out_2048,pd_disaggregated,P2/D2,1024,4.0,2048,2048,256,2,2,,1024,1024,227.15073393359373,24.594252471099853,50500.57072774609,50558.863529999995,1.0,2.2556221870636666,4619.514239106389,build/chunked_rps4_experiment/20260609T014844Z/sweeps/p2d2_chunk_size/p2d2__chunk_1024__rps_04__in_02048__out_2048/summary.json,/home/justin/astra-sim/build/chunked_rps4_experiment/20260609T014844Z/sweeps/p2d2_chunk_size/p2d2__chunk_1024__rps_04__in_02048__out_2048/request.json
p2d2__chunk_1024__rps_04__in_03072__out_2048,pd_disaggregated,P2/D2,1024,4.0,3072,2048,256,2,2,,1024,1024,299.40280838671873,24.594234619483945,50572.78624208984,50706.282594,1.0,2.2544472274458656,4617.107921809133,build/chunked_rps4_experiment/20260609T014844Z/sweeps/p2d2_chunk_size/p2d2__chunk_1024__rps_04__in_03072__out_2048/summary.json,/home/justin/astra-sim/build/chunked_rps4_experiment/20260609T014844Z/sweeps/p2d2_chunk_size/p2d2__chunk_1024__rps_04__in_03072__out_2048/request.json
p2d2__chunk_1024__rps_04__in_04096__out_2048,pd_disaggregated,P2/D2,1024,4.0,4096,2048,256,2,2,,1024,1024,387.39179158203126,24.594225693675995,50660.75694523047,50893.079857,1.0,2.253273491289805,4614.7041101615205,build/chunked_rps4_experiment/20260609T014844Z/sweeps/p2d2_chunk_size/p2d2__chunk_1024__rps_04__in_04096__out_2048/summary.json,/home/justin/astra-sim/build/chunked_rps4_experiment/20260609T014844Z/sweeps/p2d2_chunk_size/p2d2__chunk_1024__rps_04__in_04096__out_2048/request.json
p2d2__chunk_1024__rps_04__in_06144__out_2048,pd_disaggregated,P2/D2,1024,4.0,6144,2048,256,2,2,,1024,1024,767.1208038828124,24.594198916252136,51040.43111736719,51923.057646,1.0,2.248301828172914,4604.522144098128,build/chunked_rps4_experiment/20260609T014844Z/sweeps/p2d2_chunk_size/p2d2__chunk_1024__rps_04__in_06144__out_2048/summary.json,/home/justin/astra-sim/build/chunked_rps4_experiment/20260609T014844Z/sweeps/p2d2_chunk_size/p2d2__chunk_1024__rps_04__in_06144__out_2048/request.json
p2d2__chunk_1024__rps_04__in_07168__out_2048,pd_disaggregated,P2/D2,1024,4.0,7168,2048,256,2,2,,1024,1024,1439.0806091289062,24.594189990444182,51712.37264255859,53489.519866999995,0.72265625,1.6220131369015176,4596.767694701745,build/chunked_rps4_experiment/20260609T014844Z/sweeps/p2d2_chunk_size/p2d2__chunk_1024__rps_04__in_07168__out_2048/summary.json,/home/justin/astra-sim/build/chunked_rps4_experiment/20260609T014844Z/sweeps/p2d2_chunk_size/p2d2__chunk_1024__rps_04__in_07168__out_2048/request.json
p2d2__chunk_1024__rps_04__in_10000__out_2048,pd_disaggregated,P2/D2,1024,4.0,10000,2048,256,2,2,,1024,1024,11892.229723320312,24.594011135253904,62165.15546132031,69387.667084,0.05078125,0.10380939683543652,4186.617003696719,build/chunked_rps4_experiment/20260609T014844Z/sweeps/p2d2_chunk_size/p2d2__chunk_1024__rps_04__in_10000__out_2048/summary.json,/home/justin/astra-sim/build/chunked_rps4_experiment/20260609T014844Z/sweeps/p2d2_chunk_size/p2d2__chunk_1024__rps_04__in_10000__out_2048/request.json
p3d1__chunk_0256__rps_04__in_00128__out_2048,pd_disaggregated,P3/D1,256,4.0,128,2048,256,3,1,,256,256,154.9758968203125,40.486970839904785,82965.02624094531,87501.158564,0.0,0.0,3739.2874970738853,build/chunked_rps4_experiment/20260609T014844Z/sweeps/pd_chunk256_assignments/p3d1__chunk_0256__rps_04__in_00128__out_2048/summary.json,/home/justin/astra-sim/build/chunked_rps4_experiment/20260609T014844Z/sweeps/pd_chunk256_assignments/p3d1__chunk_0256__rps_04__in_00128__out_2048/request.json
p3d1__chunk_0256__rps_04__in_00256__out_2048,pd_disaggregated,P3/D1,256,4.0,256,2048,256,3,1,,256,256,158.70468482031248,40.486970839904785,82968.7550289453,87504.88735199999,0.0,0.0,3739.1880564272133,build/chunked_rps4_experiment/20260609T014844Z/sweeps/pd_chunk256_assignments/p3d1__chunk_0256__rps_04__in_00256__out_2048/summary.json,/home/justin/astra-sim/build/chunked_rps4_experiment/20260609T014844Z/sweeps/pd_chunk256_assignments/p3d1__chunk_0256__rps_04__in_00256__out_2048/request.json
p3d1__chunk_0256__rps_04__in_00512__out_2048,pd_disaggregated,P3/D1,256,4.0,512,2048,256,3,1,,256,256,195.4821938203125,40.486970839904785,83005.53253794531,87541.664861,0.0,0.0,3738.2075439822183,build/chunked_rps4_experiment/20260609T014844Z/sweeps/pd_chunk256_assignments/p3d1__chunk_0256__rps_04__in_00512__out_2048/summary.json,/home/justin/astra-sim/build/chunked_rps4_experiment/20260609T014844Z/sweeps/pd_chunk256_assignments/p3d1__chunk_0256__rps_04__in_00512__out_2048/request.json
p3d1__chunk_0256__rps_04__in_01024__out_2048,pd_disaggregated,P3/D1,256,4.0,1024,2048,256,3,1,,256,256,269.90705903906246,40.486917748643876,83079.84867226171,87615.219879,0.0,0.0,3736.2480609789063,build/chunked_rps4_experiment/20260609T014844Z/sweeps/pd_chunk256_assignments/p3d1__chunk_0256__rps_04__in_01024__out_2048/summary.json,/home/justin/astra-sim/build/chunked_rps4_experiment/20260609T014844Z/sweeps/pd_chunk256_assignments/p3d1__chunk_0256__rps_04__in_01024__out_2048/request.json
p3d1__chunk_0256__rps_04__in_01536__out_2048,pd_disaggregated,P3/D1,256,4.0,1536,2048,256,3,1,,256,256,348.2462367421875,40.48851048647118,83161.44977703516,87688.774897,0.0,0.0,3734.290631131837,build/chunked_rps4_experiment/20260609T014844Z/sweeps/pd_chunk256_assignments/p3d1__chunk_0256__rps_04__in_01536__out_2048/summary.json,/home/justin/astra-sim/build/chunked_rps4_experiment/20260609T014844Z/sweeps/pd_chunk256_assignments/p3d1__chunk_0256__rps_04__in_01536__out_2048/request.json
p3d1__chunk_0256__rps_04__in_02048__out_2048,pd_disaggregated,P3/D1,256,4.0,2048,2048,256,3,1,,256,256,431.6957668554687,40.489413037906644,83246.74773248828,87776.569991,0.0,0.0,3732.3352512157394,build/chunked_rps4_experiment/20260609T014844Z/sweeps/pd_chunk256_assignments/p3d1__chunk_0256__rps_04__in_02048__out_2048/summary.json,/home/justin/astra-sim/build/chunked_rps4_experiment/20260609T014844Z/sweeps/pd_chunk256_assignments/p3d1__chunk_0256__rps_04__in_02048__out_2048/request.json
p3d1__chunk_0256__rps_04__in_03072__out_2048,pd_disaggregated,P3/D1,256,4.0,3072,2048,256,3,1,,256,256,651.3335809179687,40.51022481218338,83509.00806026952,88039.700166,0.0,0.0,3726.0939183807127,build/chunked_rps4_experiment/20260609T014844Z/sweeps/pd_chunk256_assignments/p3d1__chunk_0256__rps_04__in_03072__out_2048/summary.json,/home/justin/astra-sim/build/chunked_rps4_experiment/20260609T014844Z/sweeps/pd_chunk256_assignments/p3d1__chunk_0256__rps_04__in_03072__out_2048/request.json
p3d1__chunk_0256__rps_04__in_04096__out_2048,pd_disaggregated,P3/D1,256,4.0,4096,2048,256,3,1,,256,256,1288.1678998515624,40.64619153137397,84424.30222010547,90542.306554,0.0,0.0,3705.454771627554,build/chunked_rps4_experiment/20260609T014844Z/sweeps/pd_chunk256_assignments/p3d1__chunk_0256__rps_04__in_04096__out_2048/summary.json,/home/justin/astra-sim/build/chunked_rps4_experiment/20260609T014844Z/sweeps/pd_chunk256_assignments/p3d1__chunk_0256__rps_04__in_04096__out_2048/request.json
p3d1__chunk_0256__rps_04__in_06144__out_2048,pd_disaggregated,P3/D1,256,4.0,6144,2048,256,3,1,,256,256,13045.066680101561,34.265099791336056,83112.7251167578,94706.14571299999,0.01171875,0.020727224573339906,3622.345039035744,build/chunked_rps4_experiment/20260609T014844Z/sweeps/pd_chunk256_assignments/p3d1__chunk_0256__rps_04__in_06144__out_2048/summary.json,/home/justin/astra-sim/build/chunked_rps4_experiment/20260609T014844Z/sweeps/pd_chunk256_assignments/p3d1__chunk_0256__rps_04__in_06144__out_2048/request.json
p3d1__chunk_0256__rps_04__in_07168__out_2048,pd_disaggregated,P3/D1,256,4.0,7168,2048,256,3,1,,256,256,25270.545973085937,31.36546748547363,89399.75744733593,105490.655028,0.02734375,0.04527618185829443,3391.108404874495,build/chunked_rps4_experiment/20260609T014844Z/sweeps/pd_chunk256_assignments/p3d1__chunk_0256__rps_04__in_07168__out_2048/summary.json,/home/justin/astra-sim/build/chunked_rps4_experiment/20260609T014844Z/sweeps/pd_chunk256_assignments/p3d1__chunk_0256__rps_04__in_07168__out_2048/request.json
p3d1__chunk_0256__rps_04__in_10000__out_2048,pd_disaggregated,P3/D1,256,4.0,10000,2048,256,3,1,,256,256,62139.998620371094,33.187028647296906,129999.76735403515,151618.551702,0.0,0.0,2665.789335977132,build/chunked_rps4_experiment/20260609T014844Z/sweeps/pd_chunk256_assignments/p3d1__chunk_0256__rps_04__in_10000__out_2048/summary.json,/home/justin/astra-sim/build/chunked_rps4_experiment/20260609T014844Z/sweeps/pd_chunk256_assignments/p3d1__chunk_0256__rps_04__in_10000__out_2048/request.json
